DESCRIPCIÓN DE LA SERIE;MERCADO MONETARIO. TIPOS DE INTERES MERCADO INTERBANCARIO. EURIBOR. A UNA SEMANA.;MERCADO MONETARIO. TIPOS DE INTERES MERCADO INTERBANCARIO. EURIBOR. A UN MES.;MERCADO MONETARIO. TIPOS DE INTERES MERCADO INTERBANCARIO. EURIBOR. A TRES MES.;MERCADO MONETARIO. TIPOS DE INTERES MERCADO INTERBANCARIO. EURIBOR. A SEIS MES.;Tipo de interés. UEM. Mercado monetario. Euríbor. A 12 meses;Tipo de interés. De referencia. Oficiales. Mercado hipotecario. Tipo medio adq. vivienda libre. Más de 3 años. Conjunto EC España;Tipo de interés. De referencia. Oficiales. Mercado hipotecario. Tipo medio adq. vivienda libre. Entre 1 y 5 años. Conjunto EC UEM;Tipo de interés. De referencia. Oficiales. Mercado hipotecario. interest Rate Swap a 5 años;Tipo de interés. De referencia. Oficiales. Mercado hipotecario. Rendimiento interno Deuda Pública 2 a 6 años. Mercado secundario;Tipo de interés. De referencia. Oficiales. Mercado hipotecario. Interbancario. Mibor a 1 año;Tipo de interés. Tipos legales. Interés legal;Tipo de interés. Tipos legales. interés Ley enjuiciamiento civil;Tipo de interés. Tipos legales. Interés de demora a efectos tributarios;Tipo de interés. Tipos legales. Interés de demora en operaciones comerciales;Tipo de interés. De referencia. Préstamos hipotecarios para calcular el valor de mercado. IRS. A un año;Tipo de interés. De referencia. Préstamos hipotecarios para calcular el valor de mercado. IRS. A dos años;Tipo de interés. De referencia. Préstamos hipotecarios para calcular el valor de mercado. IRS. A tres años;Tipo de interés. De referencia. Préstamos hipotecarios para calcular el valor de mercado. IRS. A cuatro años;Tipo de interés. De referencia. Oficiales. Mercado hipotecario. interest Rate Swap a 5 años;Tipo de interés. De referencia. Préstamos hipotecarios para calcular el valor de mercado. IRS. A siete años;Tipo de interés. De referencia. Préstamos hipotecarios para calcular el valor de mercado. IRS. A diez años;Tipo de interés. De referencia. Préstamos hipotecarios para calcular el valor de mercado. IRS. A quince años;Tipo de interés. De referencia. Préstamos hipotecarios para calcular el valor de mercado. IRS. A veinte años;Tipo de interés. De referencia. Préstamos hipotecarios para calcular el valor de mercado. IRS. A treinta años;Tipo de interés. De referencia. Mercado hipotecario. Interbancario.Fecha BOE;Tipo de interés. De referencia. Mercado hipotecario. Tipo medio préstamos hipotecarios.Fecha BOE;Tipo de interés. De referencia. Mercado hipotecario. Deuda Pública de 2 a 6 años.Fecha BOE;Tipo de interés. De referencia. Mercado hipotecario. Fecha BOE IRS;Tipo de interés. De referencia. Oficiales. Mercado hipotecario. Tipo medio adq. vivienda libre. Más de 3 años. Conjunto EC España;Tipo de interés. De referencia. Oficiales. Mercado hipotecario. Información adicional sobre préstamos el cálculo del IRPH. Importe agregado de préstamos;Tipo de interés. De referencia. Oficiales. Mercado hipotecario. Información adicional sobre préstamos el cálculo del IRPH. Número de operaciones;Tipo de interés. De referencia. Oficiales. Mercado hipotecario. Información adicional sobre préstamos el cálculo del IRPH. Entidades contribuidoras;
DESCRIPCIÓN DE LAS UNIDADES;Porcentaje;Porcentaje;Porcentaje;Porcentaje;Porcentaje;Porcentaje;Porcentaje;Porcentaje;Porcentaje;Porcentaje;Porcentaje;Porcentaje;Porcentaje;Porcentaje;Porcentaje;Porcentaje;Porcentaje;Porcentaje;Porcentaje;Porcentaje;Porcentaje;Porcentaje;Porcentaje;Porcentaje;Fecha;Fecha;Fecha;Fecha;Porcentaje;Miles de Euros;Operaciones;Entidades;
FRECUENCIA;MENSUAL;MENSUAL;MENSUAL;MENSUAL;MENSUAL;MENSUAL;MENSUAL;MENSUAL;MENSUAL;MENSUAL;MENSUAL;MENSUAL;MENSUAL;MENSUAL;MENSUAL;MENSUAL;MENSUAL;MENSUAL;MENSUAL;MENSUAL;MENSUAL;MENSUAL;MENSUAL;MENSUAL;MENSUAL;MENSUAL;MENSUAL;MENSUAL;MENSUAL;MENSUAL;MENSUAL;MENSUAL;
ENE 1999;-;-;-;-;3,0620;5,1310;-;-;3,6580;3,0650;4,2500;6,2500;5,5000;-;-;-;-;-;-;-;-;-;-;-;1999-Feb-20;1999-Feb-20;1999-Feb-20;-;5,1310;-;-;-;
FEB 1999;-;-;-;-;3,0300;4,9500;-;-;3,5130;3,0350;4,2500;6,2500;5,5000;-;-;-;-;-;-;-;-;-;-;-;1999-Mar-23;1999-Mar-23;1999-Mar-23;-;4,9500;-;-;-;
MAR 1999;-;-;-;-;3,0460;4,8160;-;-;3,4350;3,0310;4,2500;6,2500;5,5000;-;-;-;-;-;-;-;-;-;-;-;1999-Abr-20;1999-Abr-20;1999-Abr-20;-;4,8160;-;-;-;
ABR 1999;-;-;-;-;2,7560;4,7870;-;-;3,3490;2,7090;4,2500;6,2500;5,5000;-;-;-;-;-;-;-;-;-;-;-;1999-May-20;1999-May-20;1999-May-20;-;4,7870;-;-;-;
MAY 1999;-;-;-;-;2,6830;4,6440;-;-;3,2720;2,6560;4,2500;6,2500;5,5000;-;-;-;-;-;-;-;-;-;-;-;1999-Jun-21;1999-Jun-21;1999-Jun-21;-;4,6440;-;-;-;
JUN 1999;-;-;-;-;2,8360;4,5020;-;-;3,3100;2,7800;4,2500;6,2500;5,5000;-;-;-;-;-;-;-;-;-;-;-;1999-Jul-21;1999-Jul-21;1999-Jul-21;-;4,5020;-;-;-;
JUL 1999;-;-;-;-;3,0300;4,4350;-;-;3,4420;3,0180;4,2500;6,2500;5,5000;-;-;-;-;-;-;-;-;-;-;-;1999-Ago-23;1999-Ago-23;1999-Ago-23;-;4,4350;-;-;-;
AGO 1999;-;-;-;-;3,2370;4,4710;-;-;3,5990;3,2330;4,2500;6,2500;5,5000;-;-;-;-;-;-;-;-;-;-;-;1999-Sep-22;1999-Sep-22;1999-Sep-22;-;4,4710;-;-;-;
SEP 1999;-;-;-;-;3,3010;4,5450;-;-;3,7580;3,2600;4,2500;6,2500;5,5000;-;-;-;-;-;-;-;-;-;-;-;1999-Oct-22;1999-Oct-22;1999-Oct-22;-;4,5450;-;-;-;
OCT 1999;-;-;-;-;3,6840;4,6650;-;-;4,0040;3,6070;4,2500;6,2500;5,5000;-;-;-;-;-;-;-;-;-;-;-;1999-Nov-20;1999-Nov-20;1999-Nov-20;-;4,6650;-;-;-;
NOV 1999;-;-;-;-;3,6890;4,8070;-;-;4,2170;3,6590;4,2500;6,2500;5,5000;-;-;-;-;-;-;-;-;-;-;-;1999-Dic-21;1999-Dic-21;1999-Dic-21;-;4,8070;-;-;-;
DIC 1999;-;-;-;-;3,8260;4,9400;-;-;4,3970;3,8060;4,2500;6,2500;5,5000;-;-;-;-;-;-;-;-;-;-;-;2000-Ene-21;2000-Ene-21;2000-Ene-21;-;4,9400;-;-;-;
ENE 2000;-;-;-;-;3,9490;5,0400;-;-;4,5610;3,9240;4,2500;6,2500;5,5000;-;-;-;-;-;-;-;-;-;-;-;2000-Feb-19;2000-Feb-19;2000-Feb-19;-;5,0400;-;-;-;
FEB 2000;-;-;-;-;4,1110;5,1660;-;-;4,6890;4,0990;4,2500;6,2500;5,5000;-;-;-;-;-;-;-;-;-;-;-;2000-Mar-21;2000-Mar-21;2000-Mar-21;-;5,1660;-;-;-;
MAR 2000;-;-;-;-;4,2670;5,2310;-;-;4,7950;4,2590;4,2500;6,2500;5,5000;-;-;-;-;-;-;-;-;-;-;-;2000-Abr-22;2000-Abr-22;2000-Abr-22;-;5,2310;-;-;-;
ABR 2000;-;-;-;-;4,3650;5,3530;-;-;4,8260;4,3480;4,2500;6,2500;5,5000;-;-;-;-;-;-;-;-;-;-;-;2000-May-20;2000-May-20;2000-May-20;-;5,3530;-;-;-;
MAY 2000;-;-;-;-;4,8490;5,5220;-;-;4,9650;4,8470;4,2500;6,2500;5,5000;-;-;-;-;-;-;-;-;-;-;-;2000-Jun-20;2000-Jun-20;2000-Jun-20;-;5,5220;-;-;-;
JUN 2000;-;-;-;-;4,9650;5,7030;-;-;5,0540;4,9590;4,2500;6,2500;5,5000;-;-;-;-;-;-;-;-;-;-;-;2000-Jul-20;2000-Jul-20;2000-Jul-20;-;5,7030;-;-;-;
JUL 2000;-;-;-;-;5,1050;5,8910;-;-;5,1150;5,0970;4,2500;6,2500;5,5000;-;-;-;-;-;-;-;-;-;-;-;2000-Ago-21;2000-Ago-21;2000-Ago-21;-;5,8910;-;-;-;
AGO 2000;-;-;-;-;5,2480;6,0290;-;-;5,1800;5,2470;4,2500;6,2500;5,5000;-;-;-;-;-;-;-;-;-;-;-;2000-Sep-21;2000-Sep-21;2000-Sep-21;-;6,0290;-;-;-;
SEP 2000;-;-;-;-;5,2190;6,2320;-;-;5,2510;5,2080;4,2500;6,2500;5,5000;-;-;-;-;-;-;-;-;-;-;-;2000-Oct-17;2000-Oct-17;2000-Oct-17;-;6,2320;-;-;-;
OCT 2000;-;-;-;-;5,2180;6,2840;-;-;5,2990;5,2120;4,2500;6,2500;5,5000;-;-;-;-;-;-;-;-;-;-;-;2000-Nov-21;2000-Nov-21;2000-Nov-21;-;6,2840;-;-;-;
NOV 2000;-;-;-;-;5,1930;6,3480;-;-;5,2870;5,1880;4,2500;6,2500;5,5000;-;-;-;-;-;-;-;-;-;-;-;2000-Dic-22;2000-Dic-22;2000-Dic-22;-;6,3480;-;-;-;
DIC 2000;-;-;-;-;4,8810;6,3710;-;-;5,2410;4,8890;4,2500;6,2500;5,5000;-;-;-;-;-;-;-;-;-;-;-;2001-Ene-20;2001-Ene-20;2001-Ene-20;-;6,3710;-;-;-;
ENE 2001;-;-;-;-;4,5740;6,3900;-;-;5,1220;4,5640;5,5000;7,5000;6,5000;-;-;-;-;-;-;-;-;-;-;-;2001-Feb-21;2001-Feb-21;2001-Feb-21;-;6,3900;-;-;-;
FEB 2001;-;-;-;-;4,5910;6,2800;-;-;5,0000;4,5820;5,5000;7,5000;6,5000;-;-;-;-;-;-;-;-;-;-;-;2001-Mar-21;2001-Mar-21;2001-Mar-21;-;6,2800;-;-;-;
MAR 2001;-;-;-;-;4,4710;6,1470;-;-;4,8590;4,4690;5,5000;7,5000;6,5000;-;-;-;-;-;-;-;-;-;-;-;2001-Abr-21;2001-Abr-21;2001-Abr-21;-;6,1470;-;-;-;
ABR 2001;-;-;-;-;4,4810;6,0250;-;-;4,7510;4,4600;5,5000;7,5000;6,5000;-;-;-;-;-;-;-;-;-;-;-;2001-May-19;2001-May-19;2001-May-19;-;6,0250;-;-;-;
MAY 2001;-;-;-;-;4,5200;5,9260;-;-;4,6610;4,4990;5,5000;7,5000;6,5000;-;-;-;-;-;-;-;-;-;-;-;2001-Jun-20;2001-Jun-20;2001-Jun-20;-;5,9260;-;-;-;
JUN 2001;-;-;-;-;4,3120;5,8060;-;-;4,6180;4,3100;5,5000;7,5000;6,5000;-;-;-;-;-;-;-;-;-;-;-;2001-Jul-21;2001-Jul-21;2001-Jul-21;-;5,8060;-;-;-;
JUL 2001;-;-;-;-;4,3110;5,7680;-;-;4,6100;4,3100;5,5000;7,5000;6,5000;-;-;-;-;-;-;-;-;-;-;-;2001-Ago-21;2001-Ago-21;2001-Ago-21;-;5,7680;-;-;-;
AGO 2001;-;-;-;-;4,1080;5,7230;-;-;4,5710;4,1070;5,5000;7,5000;6,5000;-;-;-;-;-;-;-;-;-;-;-;2001-Sep-21;2001-Sep-21;2001-Sep-21;-;5,7230;-;-;-;
SEP 2001;-;-;-;-;3,7700;5,6270;-;-;4,5190;3,7710;5,5000;7,5000;6,5000;-;-;-;-;-;-;-;-;-;-;-;2001-Oct-19;2001-Oct-19;2001-Oct-19;-;5,6270;-;-;-;
OCT 2001;-;-;-;-;3,3690;5,3900;-;-;4,4010;3,3660;5,5000;7,5000;6,5000;-;-;-;-;-;-;-;-;-;-;-;2001-Nov-22;2001-Nov-22;2001-Nov-22;-;5,3900;-;-;-;
NOV 2001;-;-;-;-;3,1980;5,1900;-;-;4,2430;3,1960;5,5000;7,5000;6,5000;-;-;-;-;-;-;-;-;-;-;-;2001-Dic-21;2001-Dic-21;2001-Dic-21;-;5,1900;-;-;-;
DIC 2001;-;-;-;-;3,2980;4,8520;-;-;4,1590;3,2860;5,5000;7,5000;6,5000;-;-;-;-;-;-;-;-;-;-;-;2002-Ene-19;2002-Ene-19;2002-Ene-19;-;4,8520;-;-;-;
ENE 2002;-;-;-;-;3,4830;4,7370;-;-;4,0900;3,4750;4,2500;6,2500;5,5000;-;-;-;-;-;-;-;-;-;-;-;2002-Feb-20;2002-Feb-20;2002-Feb-20;-;4,7370;-;-;-;
FEB 2002;-;-;-;-;3,5940;4,7680;-;-;4,0650;3,5810;4,2500;6,2500;5,5000;-;-;-;-;-;-;-;-;-;-;-;2002-Mar-21;2002-Mar-21;2002-Mar-21;-;4,7680;-;-;-;
MAR 2002;-;-;-;-;3,8160;4,7850;-;-;4,1310;3,7990;4,2500;6,2500;5,5000;-;-;-;-;-;-;-;-;-;-;-;2002-Abr-19;2002-Abr-19;2002-Abr-19;-;4,7850;-;-;-;
ABR 2002;-;-;-;-;3,8600;4,8600;-;-;4,2470;3,8570;4,2500;6,2500;5,5000;-;-;-;-;-;-;-;-;-;-;-;2002-May-21;2002-May-21;2002-May-21;-;4,8600;-;-;-;
MAY 2002;-;-;-;-;3,9630;4,9850;-;-;4,4010;3,9480;4,2500;6,2500;5,5000;-;-;-;-;-;-;-;-;-;-;-;2002-Jun-19;2002-Jun-19;2002-Jun-19;-;4,9850;-;-;-;
JUN 2002;-;-;-;-;3,8690;4,9950;-;-;4,4530;3,8620;4,2500;6,2500;5,5000;-;-;-;-;-;-;-;-;-;-;-;2002-Jul-19;2002-Jul-19;2002-Jul-19;-;4,9950;-;-;-;
JUL 2002;-;-;-;-;3,6450;5,0090;-;-;4,4480;3,6430;4,2500;6,2500;5,5000;10,3500;-;-;-;-;-;-;-;-;-;-;2002-Ago-21;2002-Ago-21;2002-Ago-21;-;5,0090;-;-;-;
AGO 2002;-;-;-;-;3,4400;4,9990;-;-;4,3600;3,4370;4,2500;6,2500;5,5000;10,3500;-;-;-;-;-;-;-;-;-;-;2002-Sep-20;2002-Sep-20;2002-Sep-20;-;4,9990;-;-;-;
SEP 2002;-;-;-;-;3,2360;4,8180;-;-;4,2030;3,2410;4,2500;6,2500;5,5000;10,3500;-;-;-;-;-;-;-;-;-;-;2002-Oct-19;2002-Oct-19;2002-Oct-19;-;4,8180;-;-;-;
OCT 2002;-;-;-;-;3,1260;4,6900;-;-;4,0270;3,1270;4,2500;6,2500;5,5000;10,3500;-;-;-;-;-;-;-;-;-;-;2002-Nov-21;2002-Nov-21;2002-Nov-21;-;4,6900;-;-;-;
NOV 2002;-;-;-;-;3,0170;4,5170;-;-;3,8570;3,0200;4,2500;6,2500;5,5000;10,3500;-;-;-;-;-;-;-;-;-;-;2002-Dic-21;2002-Dic-21;2002-Dic-21;-;4,5170;-;-;-;
DIC 2002;-;-;-;-;2,8730;4,3800;-;-;3,7030;2,8780;4,2500;6,2500;5,5000;10,3500;-;-;-;-;-;-;-;-;-;-;2003-Ene-21;2003-Ene-21;2003-Ene-21;-;4,3800;-;-;-;
ENE 2003;-;-;-;-;2,7050;4,2520;-;-;3,5200;2,7030;4,2500;6,2500;5,5000;9,8500;-;-;-;-;-;-;-;-;-;-;2003-Feb-21;2003-Feb-21;2003-Feb-21;-;4,2520;-;-;-;
FEB 2003;-;-;-;-;2,5040;4,1460;-;-;3,3640;2,5130;4,2500;6,2500;5,5000;9,8500;-;-;-;-;-;-;-;-;-;-;2003-Mar-21;2003-Mar-21;2003-Mar-21;-;4,1460;-;-;-;
MAR 2003;-;-;-;-;2,4110;3,9760;-;-;3,2420;2,4200;4,2500;6,2500;5,5000;9,8500;-;-;-;-;-;-;-;-;-;-;2003-Abr-23;2003-Abr-23;2003-Abr-23;-;3,9760;-;-;-;
ABR 2003;-;-;-;-;2,4470;3,8860;-;-;3,1440;2,4580;4,2500;6,2500;5,5000;9,8500;-;-;-;-;-;-;-;-;-;-;2003-May-23;2003-May-23;2003-May-23;-;3,8860;-;-;-;
MAY 2003;-;-;-;-;2,2520;3,8230;-;-;2,9900;2,2530;4,2500;6,2500;5,5000;9,8500;-;-;-;-;-;-;-;-;-;-;2003-Jun-23;2003-Jun-23;2003-Jun-23;-;3,8230;-;-;-;
JUN 2003;-;-;-;-;2,0140;3,7070;-;-;2,8220;2,0330;4,2500;6,2500;5,5000;9,8500;-;-;-;-;-;-;-;-;-;-;2003-Jul-23;2003-Jul-23;2003-Jul-23;-;3,7070;-;-;-;
JUL 2003;-;-;-;-;2,0760;3,5410;-;-;2,7450;2,0820;4,2500;6,2500;5,5000;9,1000;-;-;-;-;-;-;-;-;-;-;2003-Ago-23;2003-Ago-23;2003-Ago-23;-;3,5410;-;-;-;
AGO 2003;-;-;-;-;2,2790;3,4700;-;-;2,7770;2,2790;4,2500;6,2500;5,5000;9,1000;-;-;-;-;-;-;-;-;-;-;2003-Sep-22;2003-Sep-22;2003-Sep-22;-;3,4700;-;-;-;
SEP 2003;-;-;-;-;2,2580;3,4280;-;-;2,8030;2,2630;4,2500;6,2500;5,5000;9,1000;-;-;-;-;-;-;-;-;-;-;2003-Oct-22;2003-Oct-22;2003-Oct-22;-;3,4280;-;-;-;
OCT 2003;-;-;-;-;2,3030;3,4420;-;-;2,8220;2,2990;4,2500;6,2500;5,5000;9,1000;-;-;-;-;-;-;-;-;-;-;2003-Nov-22;2003-Nov-22;2003-Nov-22;-;3,4420;-;-;-;
NOV 2003;-;-;-;-;2,4100;3,4320;-;-;2,9040;2,4090;4,2500;6,2500;5,5000;9,1000;-;-;-;-;-;-;-;-;-;-;2003-Dic-22;2003-Dic-22;2003-Dic-22;-;3,4320;-;-;-;
DIC 2003;-;-;-;-;2,3810;3,4580;-;-;3,0230;2,3830;4,2500;6,2500;5,5000;9,1000;-;-;-;-;-;-;-;-;-;-;2004-Ene-22;2004-Ene-22;2004-Ene-22;-;3,4580;-;-;-;
ENE 2004;-;-;-;-;2,2160;3,4750;-;-;3,0960;2,2200;3,7500;5,7500;4,7500;9,0200;-;-;-;-;-;-;-;-;-;-;2004-Feb-21;2004-Feb-21;2004-Feb-21;-;3,4750;-;-;-;
FEB 2004;-;-;-;-;2,1630;3,4460;-;-;3,1070;2,1660;3,7500;5,7500;4,7500;9,0200;-;-;-;-;-;-;-;-;-;-;2004-Mar-23;2004-Mar-23;2004-Mar-23;-;3,4460;-;-;-;
MAR 2004;-;-;-;-;2,0550;3,3580;-;-;3,0820;2,0560;3,7500;5,7500;4,7500;9,0200;-;-;-;-;-;-;-;-;-;-;2004-Abr-22;2004-Abr-22;2004-Abr-22;-;3,3580;-;-;-;
ABR 2004;-;-;-;-;2,1630;3,2790;-;-;3,0860;2,1640;3,7500;5,7500;4,7500;9,0200;-;-;-;-;-;-;-;-;-;-;2004-May-22;2004-May-22;2004-May-22;-;3,2790;-;-;-;
MAY 2004;-;-;-;-;2,2970;3,2550;-;-;3,0860;2,2970;3,7500;5,7500;4,7500;9,0200;-;-;-;-;-;-;-;-;-;-;2004-Jun-23;2004-Jun-23;2004-Jun-23;-;3,2550;-;-;-;
JUN 2004;-;-;-;-;2,4040;3,3070;-;-;3,1270;2,4050;3,7500;5,7500;4,7500;9,0200;-;-;-;-;-;-;-;-;-;-;2004-Jul-23;2004-Jul-23;2004-Jul-23;-;3,3070;-;-;-;
JUL 2004;-;-;-;-;2,3610;3,3230;-;-;3,1530;2,3670;3,7500;5,7500;4,7500;9,0100;-;-;-;-;-;-;-;-;-;-;2004-Ago-21;2004-Ago-21;2004-Ago-21;-;3,3230;-;-;-;
AGO 2004;-;-;-;-;2,3020;3,3920;-;-;3,1420;2,3050;3,7500;5,7500;4,7500;9,0100;-;-;-;-;-;-;-;-;-;-;2004-Sep-24;2004-Sep-24;2004-Sep-24;-;3,3920;-;-;-;
SEP 2004;-;-;-;-;2,3770;3,3670;-;-;3,1690;2,3770;3,7500;5,7500;4,7500;9,0100;-;-;-;-;-;-;-;-;-;-;2004-Oct-23;2004-Oct-23;2004-Oct-23;-;3,3670;-;-;-;
OCT 2004;-;-;-;-;2,3160;3,3320;-;-;3,1360;2,3170;3,7500;5,7500;4,7500;9,0100;-;-;-;-;-;-;-;-;-;-;2004-Nov-22;2004-Nov-22;2004-Nov-22;-;3,3320;-;-;-;
NOV 2004;-;-;-;-;2,3280;3,3830;-;-;3,0760;2,3300;3,7500;5,7500;4,7500;9,0100;-;-;-;-;-;-;-;-;-;-;2004-Dic-23;2004-Dic-23;2004-Dic-23;-;3,3830;-;-;-;
DIC 2004;-;-;-;-;2,3010;3,3490;-;-;2,9660;2,3060;3,7500;5,7500;4,7500;9,0100;-;-;-;-;-;-;-;-;-;-;2005-Ene-24;2005-Ene-24;2005-Ene-24;-;3,3490;-;-;-;
ENE 2005;-;-;-;-;2,3120;3,3340;-;-;2,8920;2,3140;4,0000;6,0000;5,0000;9,0900;-;-;-;-;-;-;-;-;-;-;2005-Feb-23;2005-Feb-23;2005-Feb-23;-;3,3340;-;-;-;
FEB 2005;-;-;-;-;2,3100;3,3320;-;-;2,8350;2,3080;4,0000;6,0000;5,0000;9,0900;-;-;-;-;-;-;-;-;-;-;2005-Mar-22;2005-Mar-22;2005-Mar-22;-;3,3320;-;-;-;
MAR 2005;-;-;-;-;2,3350;3,3430;-;-;2,8000;2,3330;4,0000;6,0000;5,0000;9,0900;-;-;-;-;-;-;-;-;-;-;2005-Abr-23;2005-Abr-23;2005-Abr-23;-;3,3430;-;-;-;
ABR 2005;-;-;-;-;2,2650;3,3250;-;-;2,7730;2,2700;4,0000;6,0000;5,0000;9,0900;-;-;-;-;-;-;-;-;-;-;2005-May-23;2005-May-23;2005-May-23;-;3,3250;-;-;-;
MAY 2005;-;-;-;-;2,1930;3,3180;-;-;2,7270;2,1950;4,0000;6,0000;5,0000;9,0900;-;-;-;-;-;-;-;-;-;-;2005-Jun-25;2005-Jun-25;2005-Jun-25;-;3,3180;-;-;-;
JUN 2005;-;-;-;-;2,1030;3,2700;-;-;2,6650;2,1050;4,0000;6,0000;5,0000;9,0900;-;-;-;-;-;-;-;-;-;-;2005-Jul-23;2005-Jul-23;2005-Jul-23;-;3,2700;-;-;-;
JUL 2005;-;-;-;-;2,1680;3,1960;-;-;2,6050;2,1670;4,0000;6,0000;5,0000;9,0500;-;-;-;-;-;-;-;-;-;-;2005-Ago-23;2005-Ago-23;2005-Ago-23;-;3,1960;-;-;-;
AGO 2005;-;-;-;-;2,2230;3,1900;-;-;2,5770;2,2250;4,0000;6,0000;5,0000;9,0500;-;-;-;-;-;-;-;-;-;-;2005-Sep-23;2005-Sep-23;2005-Sep-23;-;3,1900;-;-;-;
SEP 2005;-;-;-;-;2,2190;3,1970;-;-;2,5180;2,2230;4,0000;6,0000;5,0000;9,0500;-;-;-;-;-;-;-;-;-;-;2005-Oct-21;2005-Oct-21;2005-Oct-21;-;3,1970;-;-;-;
OCT 2005;-;-;-;-;2,4140;3,2250;-;-;2,5110;2,4150;4,0000;6,0000;5,0000;9,0500;-;-;-;-;-;-;-;-;-;-;2005-Nov-23;2005-Nov-23;2005-Nov-23;-;3,2250;-;-;-;
NOV 2005;-;-;-;-;2,6840;3,2640;-;-;2,5830;2,6790;4,0000;6,0000;5,0000;9,0500;-;-;-;-;-;-;-;-;-;-;2005-Dic-23;2005-Dic-23;2005-Dic-23;-;3,2640;-;-;-;
DIC 2005;-;-;-;-;2,7830;3,4040;-;-;2,6870;2,7800;4,0000;6,0000;5,0000;9,0500;-;-;-;-;-;-;-;-;-;-;2006-Ene-24;2006-Ene-24;2006-Ene-24;-;3,4040;-;-;-;
ENE 2006;-;-;-;-;2,8330;3,5910;-;-;2,7810;2,8240;4,0000;6,0000;5,0000;9,2500;-;-;-;-;-;-;-;-;-;-;2006-Feb-23;2006-Feb-23;2006-Feb-23;-;3,5910;-;-;-;
FEB 2006;-;-;-;-;2,9140;3,7010;-;-;2,8770;2,9140;4,0000;6,0000;5,0000;9,2500;-;-;-;-;-;-;-;-;-;-;2006-Mar-23;2006-Mar-23;2006-Mar-23;-;3,7010;-;-;-;
MAR 2006;-;-;-;-;3,1050;3,7560;-;-;3,0320;3,1060;4,0000;6,0000;5,0000;9,2500;-;-;-;-;-;-;-;-;-;-;2006-Abr-22;2006-Abr-22;2006-Abr-22;-;3,7560;-;-;-;
ABR 2006;-;-;-;-;3,2210;3,8520;-;-;3,1610;3,2190;4,0000;6,0000;5,0000;9,2500;-;-;-;-;-;-;-;-;-;-;2006-May-24;2006-May-24;2006-May-24;-;3,8520;-;-;-;
MAY 2006;-;-;-;-;3,3080;4,0480;-;-;3,2620;3,3060;4,0000;6,0000;5,0000;9,2500;-;-;-;-;-;-;-;-;-;-;2006-Jun-24;2006-Jun-24;2006-Jun-24;-;4,0480;-;-;-;
JUN 2006;-;-;-;-;3,4010;4,1320;-;-;3,3740;3,3990;4,0000;6,0000;5,0000;9,2500;-;-;-;-;-;-;-;-;-;-;2006-Jul-24;2006-Jul-24;2006-Jul-24;-;4,1320;-;-;-;
JUL 2006;-;-;-;-;3,5390;4,2290;-;-;3,4960;3,5330;4,0000;6,0000;5,0000;9,8300;-;-;-;-;-;-;-;-;-;-;2006-Ago-24;2006-Ago-24;2006-Ago-24;-;4,2290;-;-;-;
AGO 2006;-;-;-;-;3,6150;4,3550;-;-;3,5820;3,6140;4,0000;6,0000;5,0000;9,8300;-;-;-;-;-;-;-;-;-;-;2006-Sep-23;2006-Sep-23;2006-Sep-23;-;4,3550;-;-;-;
SEP 2006;-;-;-;-;3,7150;4,4510;-;-;3,6300;3,7090;4,0000;6,0000;5,0000;9,8300;-;-;-;-;-;-;-;-;-;-;2006-Oct-23;2006-Oct-23;2006-Oct-23;-;4,4510;-;-;-;
OCT 2006;-;-;-;-;3,7990;4,5620;-;-;3,6500;3,7910;4,0000;6,0000;5,0000;9,8300;-;-;-;-;-;-;-;-;-;-;2006-Nov-24;2006-Nov-24;2006-Nov-24;-;4,5620;-;-;-;
NOV 2006;-;-;-;-;3,8640;4,6450;-;-;3,6660;3,8580;4,0000;6,0000;5,0000;9,8300;-;-;-;-;-;-;-;-;-;-;2006-Dic-23;2006-Dic-23;2006-Dic-23;-;4,6450;-;-;-;
DIC 2006;-;-;-;-;3,9210;4,7530;-;-;3,6820;3,9150;4,0000;6,0000;5,0000;9,8300;-;-;-;-;-;-;-;-;-;-;2007-Ene-22;2007-Ene-22;2007-Ene-22;-;4,7530;-;-;-;
ENE 2007;-;-;-;-;4,0640;4,8110;-;-;3,7270;4,0520;5,0000;7,0000;6,2500;10,5800;-;-;-;-;-;-;-;-;-;-;2007-Feb-22;2007-Feb-22;2007-Feb-22;-;4,8110;-;-;-;
FEB 2007;-;-;-;-;4,0940;4,8900;-;-;3,7860;4,0930;5,0000;7,0000;6,2500;10,5800;-;-;-;-;-;-;-;-;-;-;2007-Mar-23;2007-Mar-23;2007-Mar-23;-;4,8900;-;-;-;
MAR 2007;-;-;-;-;4,1060;4,9750;-;-;3,8360;4,1040;5,0000;7,0000;6,2500;10,5800;-;-;-;-;-;-;-;-;-;-;2007-Abr-23;2007-Abr-23;2007-Abr-23;-;4,9750;-;-;-;
ABR 2007;-;-;-;-;4,2530;5,0080;-;-;3,9070;4,2480;5,0000;7,0000;6,2500;10,5800;-;-;-;-;-;-;-;-;-;-;2007-May-23;2007-May-23;2007-May-23;-;5,0080;-;-;-;
MAY 2007;-;-;-;-;4,3730;5,0920;-;-;4,0130;4,3700;5,0000;7,0000;6,2500;10,5800;-;-;-;-;-;-;-;-;-;-;2007-Jun-23;2007-Jun-23;2007-Jun-23;-;5,0920;-;-;-;
JUN 2007;-;-;-;-;4,5050;5,1900;-;-;4,1390;4,4980;5,0000;7,0000;6,2500;10,5800;-;-;-;-;-;-;-;-;-;-;2007-Jul-23;2007-Jul-23;2007-Jul-23;-;5,1900;-;-;-;
JUL 2007;-;-;-;-;4,5640;5,3260;-;-;4,2360;4,5630;5,0000;7,0000;6,2500;11,0700;-;-;-;-;-;-;-;-;-;-;2007-Ago-23;2007-Ago-23;2007-Ago-23;-;5,3260;-;-;-;
AGO 2007;-;-;-;-;4,6660;5,4220;-;-;4,2700;4,6700;5,0000;7,0000;6,2500;11,0700;-;-;-;-;-;-;-;-;-;-;2007-Sep-22;2007-Sep-22;2007-Sep-22;-;5,4220;-;-;-;
SEP 2007;-;-;-;-;4,7240;5,4970;-;-;4,3090;4,7250;5,0000;7,0000;6,2500;11,0700;-;-;-;-;-;-;-;-;-;-;2007-Oct-23;2007-Oct-23;2007-Oct-23;-;5,4970;-;-;-;
OCT 2007;-;-;-;-;4,6470;5,5510;-;-;4,3090;4,6390;5,0000;7,0000;6,2500;11,0700;-;-;-;-;-;-;-;-;-;-;2007-Nov-22;2007-Nov-22;2007-Nov-22;-;5,5510;-;-;-;
NOV 2007;-;-;-;-;4,6070;5,5850;-;-;4,2540;4,5960;5,0000;7,0000;6,2500;11,0700;-;-;-;-;-;-;-;-;-;-;2007-Dic-22;2007-Dic-22;2007-Dic-22;-;5,5850;-;-;-;
DIC 2007;-;-;-;-;4,7930;5,5620;-;-;4,1810;4,7790;5,0000;7,0000;6,2500;11,0700;-;-;-;-;-;-;-;-;-;-;2008-Ene-22;2008-Ene-22;2008-Ene-22;-;5,5620;-;-;-;
ENE 2008;-;-;-;-;4,4980;5,6110;-;-;4,0580;4,5040;5,5000;7,5000;7,0000;11,2000;-;-;-;-;-;-;-;-;-;-;2008-Feb-23;2008-Feb-23;2008-Feb-23;-;5,6110;-;-;-;
FEB 2008;-;-;-;-;4,3490;5,5820;-;-;3,9430;4,3420;5,5000;7,5000;7,0000;11,2000;-;-;-;-;-;-;-;-;-;-;2008-Mar-24;2008-Mar-24;2008-Mar-24;-;5,5820;-;-;-;
MAR 2008;-;-;-;-;4,5900;5,4040;-;-;3,8600;4,5810;5,5000;7,5000;7,0000;11,2000;-;-;-;-;-;-;-;-;-;-;2008-Abr-19;2008-Abr-19;2008-Abr-19;-;5,4040;-;-;-;
ABR 2008;-;-;-;-;4,8200;5,4180;-;-;3,8230;4,8050;5,5000;7,5000;7,0000;11,2000;-;-;-;-;-;-;-;-;-;-;2008-May-23;2008-May-23;2008-May-23;-;5,4180;-;-;-;
MAY 2008;-;-;-;-;4,9940;5,5870;-;-;3,8590;4,9760;5,5000;7,5000;7,0000;11,2000;-;-;-;-;-;-;-;-;-;-;2008-Jun-21;2008-Jun-21;2008-Jun-21;-;5,5870;-;-;-;
JUN 2008;-;-;-;-;5,3610;5,7940;-;-;3,9750;5,3380;5,5000;7,5000;7,0000;11,2000;-;-;-;-;-;-;-;-;-;-;2008-Jul-22;2008-Jul-22;2008-Jul-22;-;5,7940;-;-;-;
JUL 2008;-;-;-;-;5,3930;6,0060;-;-;4,1300;5,3610;5,5000;7,5000;7,0000;11,0700;-;-;-;-;-;-;-;-;-;-;2008-Ago-23;2008-Ago-23;2008-Ago-23;-;6,0060;-;-;-;
AGO 2008;-;-;-;-;5,3230;6,2180;-;-;4,2490;5,2920;5,5000;7,5000;7,0000;11,0700;-;-;-;-;-;-;-;-;-;-;2008-Sep-19;2008-Sep-19;2008-Sep-19;-;6,2180;-;-;-;
SEP 2008;-;-;-;-;5,3840;6,2650;-;-;4,3410;5,3340;5,5000;7,5000;7,0000;11,0700;-;-;-;-;-;-;-;-;-;-;2008-Oct-25;2008-Oct-25;2008-Oct-25;-;6,2650;-;-;-;
OCT 2008;-;-;-;-;5,2480;6,2530;-;-;4,3150;5,2770;5,5000;7,5000;7,0000;11,0700;-;-;-;-;-;-;-;-;-;-;2008-Nov-21;2008-Nov-21;2008-Nov-21;-;6,2530;-;-;-;
NOV 2008;-;-;-;-;4,3500;6,2580;-;-;4,1900;4,4240;5,5000;7,5000;7,0000;11,0700;-;-;-;-;-;-;-;-;-;-;2008-Dic-18;2008-Dic-18;2008-Dic-18;-;6,2580;-;-;-;
DIC 2008;-;-;-;-;3,4520;5,8910;-;-;3,9600;3,4550;5,5000;7,5000;7,0000;11,0700;-;-;-;-;-;-;-;-;-;-;2009-Ene-03;2009-Ene-20;2009-Ene-03;-;5,8910;-;-;-;
ENE 2009;-;-;-;-;2,6220;4,9830;-;-;3,6820;2,6250;5,5000;7,5000;7,0000;9,5000;-;-;-;-;-;-;-;-;-;-;2009-Feb-03;2009-Feb-19;2009-Feb-03;-;4,9830;-;-;-;
FEB 2009;-;-;-;-;2,1350;4,3240;-;-;3,4640;2,1340;5,5000;7,5000;7,0000;9,5000;-;-;-;-;-;-;-;-;-;-;2009-Mar-03;2009-Mar-19;2009-Mar-03;-;4,3240;-;-;-;
MAR 2009;-;-;-;-;1,9090;3,8210;-;0,0900;3,2020;1,9080;5,5000;7,5000;7,0000;9,5000;-;-;-;-;0,0900;-;-;-;-;-;2009-Abr-02;2009-Abr-18;2009-Abr-02;-;3,8210;-;-;-;
ABR 2009;-;-;-;-;1,7710;3,5730;-;-;2,9800;1,7710;4,0000;6,0000;5,0000;9,5000;-;-;-;-;-;-;-;-;-;-;2009-May-06;2009-May-20;2009-May-06;-;3,5730;-;-;-;
MAY 2009;-;-;-;-;1,6440;3,4110;-;-;2,8320;1,6440;4,0000;6,0000;5,0000;9,5000;-;-;-;-;-;-;-;-;-;-;2009-Jun-02;2009-Jun-17;2009-Jun-02;-;3,4110;-;-;-;
JUN 2009;-;-;-;-;1,6100;3,2940;-;-;2,7480;1,6100;4,0000;6,0000;5,0000;9,5000;-;-;-;-;-;-;-;-;-;-;2009-Jul-02;2009-Jul-18;2009-Jul-02;-;3,2940;-;-;-;
JUL 2009;-;-;-;-;1,4120;3,1870;-;-;2,6630;1,4120;4,0000;6,0000;5,0000;8,0000;-;-;-;-;-;-;-;-;-;-;2009-Ago-04;2009-Ago-21;2009-Ago-04;-;3,1870;-;-;-;
AGO 2009;-;-;-;-;1,3340;3,0840;-;-;2,5720;1,3340;4,0000;6,0000;5,0000;8,0000;-;-;-;-;-;-;-;-;-;-;2009-Sep-02;2009-Sep-18;2009-Sep-02;-;3,0840;-;-;-;
SEP 2009;-;-;-;-;1,2610;2,9900;-;-;2,4960;1,2610;4,0000;6,0000;5,0000;8,0000;-;-;-;-;-;-;-;-;-;-;2009-Oct-02;2009-Oct-17;2009-Oct-02;-;2,9900;-;-;-;
OCT 2009;-;-;-;-;1,2430;2,9210;-;-;2,4700;1,2430;4,0000;6,0000;5,0000;8,0000;-;-;-;-;-;-;-;-;-;-;2009-Nov-03;2009-Nov-19;2009-Nov-03;-;2,9210;-;-;-;
NOV 2009;-;-;-;-;1,2310;2,8590;-;-;2,4370;1,2310;4,0000;6,0000;5,0000;8,0000;-;-;-;-;-;-;-;-;-;-;2009-Dic-02;2009-Dic-18;2009-Dic-02;-;2,8590;-;-;-;
DIC 2009;-;-;-;-;1,2420;2,8190;-;-;2,3720;1,2410;4,0000;6,0000;5,0000;8,0000;-;-;-;-;-;-;-;-;-;-;2010-Ene-05;2010-Ene-20;2010-Ene-05;-;2,8190;-;-;-;
ENE 2010;-;-;-;-;1,2320;2,8100;-;-;2,3510;1,2320;4,0000;6,0000;5,0000;8,0000;-;-;-;-;-;-;-;-;-;-;2010-Feb-02;2010-Feb-18;2010-Feb-02;-;2,8100;-;-;-;
FEB 2010;-;-;-;-;1,2250;2,8130;-;-;2,3710;1,2530;4,0000;6,0000;5,0000;8,0000;-;-;-;-;-;-;-;-;-;-;2010-Mar-02;2010-Mar-18;2010-Mar-02;-;2,8130;-;-;-;
MAR 2010;-;-;-;-;1,2150;2,7800;-;-;2,3660;1,1990;4,0000;6,0000;5,0000;8,0000;-;-;-;-;-;-;-;-;-;-;2010-Abr-06;2010-Abr-21;2010-Abr-06;-;2,7800;-;-;-;
ABR 2010;-;-;-;-;1,2250;2,7860;-;-;2,3680;1,2220;4,0000;6,0000;5,0000;8,0000;-;-;-;-;-;-;-;-;-;-;2010-May-04;2010-May-20;2010-May-04;-;2,7860;-;-;-;
MAY 2010;-;-;-;-;1,2490;2,6740;-;-;2,4570;1,2490;4,0000;6,0000;5,0000;8,0000;-;-;-;-;-;-;-;-;-;-;2010-Jun-02;2010-Jun-18;2010-Jun-02;-;2,6740;-;-;-;
JUN 2010;-;-;-;-;1,2810;2,7090;-;-;2,6500;1,2810;4,0000;6,0000;5,0000;8,0000;-;-;-;-;-;-;-;-;-;-;2010-Jul-02;2010-Jul-20;2010-Jul-02;-;2,7090;-;-;-;
JUL 2010;-;-;-;-;1,3730;2,7050;-;-;2,7390;1,3730;4,0000;6,0000;5,0000;8,0000;-;-;-;-;-;-;-;-;-;-;2010-Ago-04;2010-Ago-19;2010-Ago-04;-;2,7050;-;-;-;
AGO 2010;-;-;-;-;1,4210;2,7660;-;-;2,7580;1,4210;4,0000;6,0000;5,0000;8,0000;-;-;-;-;-;-;-;-;-;-;2010-Sep-02;2010-Sep-18;2010-Sep-02;-;2,7660;-;-;-;
SEP 2010;-;-;-;-;1,4200;2,7990;-;-;2,8500;1,4180;4,0000;6,0000;5,0000;8,0000;-;-;-;-;-;-;-;-;-;-;2010-Oct-02;2010-Oct-20;2010-Oct-02;-;2,7990;-;-;-;
OCT 2010;-;-;-;-;1,4950;2,7950;-;-;2,8850;1,4910;4,0000;6,0000;5,0000;8,0000;-;-;-;-;-;-;-;-;-;-;2010-Nov-03;2010-Nov-18;2010-Nov-03;-;2,7950;-;-;-;
NOV 2010;-;-;-;-;1,5400;2,8250;-;-;3,0050;1,5410;4,0000;6,0000;5,0000;8,0000;-;-;-;-;-;-;-;-;-;-;2010-Dic-02;2010-Dic-18;2010-Dic-02;-;2,8250;-;-;-;
DIC 2010;-;-;-;-;1,5260;2,7740;-;-;3,1220;1,5250;4,0000;6,0000;5,0000;8,0000;-;-;-;-;-;-;-;-;-;-;2011-Ene-04;2011-Ene-21;2011-Ene-04;-;2,7740;-;-;-;
ENE 2011;-;-;-;-;1,5500;2,9180;-;-;3,3040;1,5500;4,0000;6,0000;5,0000;8,0000;-;-;-;-;-;-;-;-;-;-;2011-Feb-02;2011-Feb-18;2011-Feb-02;-;2,9180;-;-;-;
FEB 2011;-;-;-;-;1,7140;2,9620;-;-;3,5100;1,7140;4,0000;6,0000;5,0000;8,0000;-;-;-;-;-;-;-;-;-;-;2011-Mar-02;2011-Mar-19;2011-Mar-02;-;2,9620;-;-;-;
MAR 2011;-;-;-;-;1,9240;3,1200;-;-;3,6760;1,9240;4,0000;6,0000;5,0000;8,0000;-;-;-;-;-;-;-;-;-;-;2011-Abr-02;2011-Abr-20;2011-Abr-02;-;3,1200;-;-;-;
ABR 2011;-;-;-;-;2,0860;3,2260;-;-;3,8960;2,0850;4,0000;6,0000;5,0000;8,0000;-;-;-;-;-;-;-;-;-;-;2011-May-04;2011-May-19;2011-May-04;-;3,2260;-;-;-;
MAY 2011;-;-;-;-;2,1470;3,3550;-;-;4,0200;2,1540;4,0000;6,0000;5,0000;8,0000;-;-;-;-;-;-;-;-;-;-;2011-Jun-02;2011-Jun-21;2011-Jun-02;-;3,3550;-;-;-;
JUN 2011;-;-;-;-;2,1440;3,4580;-;-;4,0550;2,1440;4,0000;6,0000;5,0000;8,0000;-;-;-;-;-;-;-;-;-;-;2011-Jul-02;2011-Jul-20;2011-Jul-02;-;3,4580;-;-;-;
JUL 2011;-;-;-;-;2,1830;3,5400;-;-;4,1610;2,2260;4,0000;6,0000;5,0000;8,2500;-;-;-;-;-;-;-;-;-;-;2011-Ago-02;2011-Ago-19;2011-Ago-02;-;3,5400;-;-;-;
AGO 2011;-;-;-;-;2,0970;3,5330;-;-;4,2120;2,1370;4,0000;6,0000;5,0000;8,2500;-;-;-;-;-;-;-;-;-;-;2011-Sep-02;2011-Sep-20;2011-Sep-02;-;3,5330;-;-;-;
SEP 2011;-;-;-;-;2,0670;3,5700;-;-;4,2720;2,2080;4,0000;6,0000;5,0000;8,2500;-;-;-;-;-;-;-;-;-;-;2011-Oct-04;2011-Oct-20;2011-Oct-04;-;3,5700;-;-;-;
OCT 2011;-;-;-;-;2,1100;3,5860;-;-;4,2860;2,1100;4,0000;6,0000;5,0000;8,2500;-;-;-;-;-;-;-;-;-;-;2011-Nov-03;2011-Nov-18;2011-Nov-03;-;3,5860;-;-;-;
NOV 2011;-;-;-;-;2,0440;3,6960;-;-;4,4590;2,0920;4,0000;6,0000;5,0000;8,2500;-;-;-;-;-;-;-;-;-;-;2011-Dic-02;2011-Dic-20;2011-Dic-02;-;3,6960;-;-;-;
DIC 2011;-;-;-;-;2,0040;3,6260;-;-;4,4450;2,0040;4,0000;6,0000;5,0000;8,2500;-;-;-;-;-;-;-;-;-;-;2012-Ene-03;2012-Ene-19;2012-Ene-03;-;3,6260;-;-;-;
ENE 2012;-;-;-;-;1,8370;3,7160;-;-;4,2670;1,8370;4,0000;6,0000;5,0000;8,0000;-;-;-;-;-;-;-;-;-;-;2012-Feb-02;2012-Feb-18;2012-Feb-02;-;3,7160;-;-;-;
FEB 2012;-;-;-;-;1,6780;3,7370;-;-;4,1090;1,6790;4,0000;6,0000;5,0000;8,0000;-;-;-;-;-;-;-;-;-;-;2012-Mar-02;2012-Mar-21;2012-Mar-02;-;3,7370;-;-;-;
MAR 2012;-;-;-;-;1,4990;3,6240;-;-;3,9350;1,4980;4,0000;6,0000;5,0000;8,0000;-;-;-;-;-;-;-;-;-;-;2012-Abr-03;2012-Abr-19;2012-Abr-03;-;3,6240;-;-;-;
ABR 2012;-;-;-;-;1,3680;3,6170;-;-;3,9050;1,3680;4,0000;6,0000;5,0000;8,0000;-;-;-;-;-;-;-;-;-;-;2012-May-04;2012-May-19;2012-May-04;-;3,6170;-;-;-;
MAY 2012;-;-;-;-;1,2660;3,4530;-;-;3,8020;1,2660;4,0000;6,0000;5,0000;8,0000;-;-;-;-;-;-;-;-;-;-;2012-Jun-02;2012-Jun-20;2012-Jun-02;-;3,4530;-;-;-;
JUN 2012;-;-;-;-;1,2190;3,4810;-;-;4,0210;1,2190;4,0000;6,0000;5,0000;8,0000;-;-;-;-;-;-;-;-;-;-;2012-Jul-03;2012-Jul-19;2012-Jul-03;-;3,4810;-;-;-;
JUL 2012;-;-;-;-;1,0610;3,4880;-;-;4,3890;1,0610;4,0000;6,0000;5,0000;8,0000;-;-;-;-;-;-;-;-;-;-;2012-Ago-02;2012-Ago-21;2012-Ago-02;-;3,4880;-;-;-;
AGO 2012;-;-;-;-;0,8770;3,4300;-;-;4,7050;0,8770;4,0000;6,0000;5,0000;8,0000;-;-;-;-;-;-;-;-;-;-;2012-Sep-04;2012-Sep-20;2012-Sep-04;-;3,4300;-;-;-;
SEP 2012;-;-;-;-;0,7400;3,3470;-;-;4,8960;0,7400;4,0000;6,0000;5,0000;8,0000;-;-;-;-;-;-;-;-;-;-;2012-Oct-02;2012-Oct-18;2012-Oct-02;-;3,3470;-;-;-;
OCT 2012;-;-;-;-;0,6500;3,0780;3,2700;0,9710;4,8490;0,6500;4,0000;6,0000;5,0000;8,0000;0,2230;0,4800;0,6020;0,7720;0,9710;1,3580;1,7940;2,2220;2,3430;2,3870;2012-Nov-03;2012-Nov-23;2012-Nov-03;2012-Nov-08;3,0780;-;-;-;
NOV 2012;-;-;-;-;0,5880;2,9920;3,2400;0,8870;4,7250;0,5880;4,0000;6,0000;5,0000;8,0000;0,1910;0,4150;0,5270;0,6910;0,8870;1,2700;1,7090;2,1400;2,2650;2,3020;2012-Dic-04;2012-Dic-20;2012-Dic-04;2012-Dic-06;2,9920;-;-;-;
DIC 2012;-;-;-;-;0,5490;3,0230;3,1800;0,8060;4,4500;0,5490;4,0000;6,0000;5,0000;8,0000;0,1690;0,3650;0,4710;0,6240;0,8060;1,1760;1,6200;2,0680;2,2160;2,2810;2013-Ene-03;2013-Ene-19;2013-Ene-03;2013-Ene-04;3,0230;-;-;-;
ENE 2013;-;-;-;-;0,5750;3,2160;3,2400;0,9920;3,9920;0,5750;4,0000;6,0000;5,0000;7,7500;0,2870;0,5310;0,6620;0,8180;0,9920;1,3400;1,7650;2,1880;2,3340;2,3980;2013-Feb-02;2013-Feb-21;2013-Feb-02;2013-Feb-04;3,2160;-;-;-;
FEB 2013;-;-;-;-;0,5940;3,2190;3,1700;1,0830;3,6670;0,5940;4,0000;6,0000;5,0000;7,7500;0,3100;0,5800;0,7280;0,8980;1,0830;1,4390;1,8640;2,2860;2,4230;2,4690;2013-Mar-02;2013-Mar-22;2013-Mar-02;2013-Mar-12;3,2190;-;-;-;
MAR 2013;-;-;-;-;0,5450;3,4150;3,1800;0,9150;3,5100;0,5450;4,0000;6,0000;5,0000;8,7500;0,2460;0,4610;0,5820;0,7360;0,9150;1,2740;1,7160;2,1620;2,3170;2,3870;2013-Abr-02;2013-Abr-18;2013-Abr-02;2013-Abr-02;3,4150;-;-;-;
ABR 2013;-;-;-;-;0,5280;3,3780;3,1900;0,8220;3,3380;0,5280;4,0000;6,0000;5,0000;8,7500;0,2290;0,4260;0,5240;0,6590;0,8220;1,1520;1,5740;2,0160;2,1770;2,2510;2013-May-04;2013-May-21;2013-May-04;2013-May-08;3,3780;-;-;-;
MAY 2013;-;-;-;-;0,4840;3,3310;3,1300;0,8270;3,0870;0,4840;4,0000;6,0000;5,0000;8,7500;0,2070;0,3880;0,5010;0,6530;0,8270;1,1740;1,6160;2,0700;2,2390;2,3210;2013-Jun-04;2013-Jun-20;2013-Jun-04;2013-Jun-05;3,3310;-;-;-;
JUN 2013;-;-;-;-;0,5070;3,3630;3,0900;1,1220;2,9740;0,5070;4,0000;6,0000;5,0000;8,7500;0,2910;0,5500;0,7250;0,9230;1,1220;1,4700;1,8830;2,2940;2,4280;2,4650;2013-Jul-02;2013-Jul-18;2013-Jul-02;2013-Jul-04;3,3630;-;-;-;
JUL 2013;-;-;-;-;0,5250;3,4380;2,9900;1,1390;2,9430;0,5260;4,0000;6,0000;5,0000;8,5000;0,3020;0,5440;0,7080;0,9190;1,1390;1,5140;1,9470;2,3580;2,4750;2,4910;2013-Ago-02;2013-Ago-21;2013-Ago-02;2013-Ago-05;3,4380;-;-;-;
AGO 2013;-;-;-;-;0,5420;3,4740;2,9700;1,2910;2,9100;0,5420;4,0000;6,0000;5,0000;8,5000;0,3260;0,6030;0,8070;1,0520;1,2910;1,6800;2,1150;2,5200;2,6300;2,6300;2013-Sep-03;2013-Sep-19;2013-Sep-03;2013-Sep-05;3,4740;-;-;-;
SEP 2013;-;-;-;-;0,5430;3,4670;3,0000;1,3750;2,8160;0,5430;4,0000;6,0000;5,0000;8,5000;0,3180;0,6140;0,8550;1,1240;1,3750;1,7820;2,2210;2,6250;2,7370;2,7390;2013-Oct-02;2013-Oct-18;2013-Oct-02;2013-Oct-05;3,4670;-;-;-;
OCT 2013;-;-;-;-;0,5410;3,2520;3,0500;1,2510;2,7410;0,5410;4,0000;6,0000;5,0000;8,5000;0,3170;0,5670;0,7680;1,0110;1,2510;1,6570;2,1110;2,5420;2,6790;2,7150;2013-Nov-05;2013-Nov-20;2013-Nov-05;2013-Nov-05;3,2520;-;-;-;
NOV 2013;-;-;-;-;0,5060;3,3930;3,0400;1,0870;2,7110;0,5060;4,0000;6,0000;5,0000;8,5000;0,2560;0,4600;0,6290;0,8520;1,0870;1,5140;2,0030;2,4620;2,6160;2,6670;2013-Dic-03;2013-Dic-19;2013-Dic-03;2013-Dic-03;3,3930;-;-;-;
DIC 2013;-;-;-;-;0,5430;3,2870;3,0600;1,1560;2,6030;0,5430;4,0000;6,0000;5,0000;8,5000;0,2970;0,4950;0,6730;0,9110;1,1560;1,5830;2,0690;2,5120;2,6510;2,6680;2014-Ene-03;2014-Ene-18;2014-Ene-03;2014-Ene-03;3,2870;-;-;-;
ENE 2014;-;-;-;-;0,5620;3,2740;3,0100;1,1720;2,4270;0,5620;4,0000;6,0000;5,0000;8,2500;0,3050;0,5110;0,6940;0,9320;1,1720;1,5910;2,0660;2,5070;2,6510;2,6840;2014-Feb-04;2014-Feb-20;2014-Feb-04;2014-Feb-06;3,2740;-;-;-;
FEB 2014;-;-;-;-;0,5490;3,1990;3,0100;1,0130;2,2220;0,5490;4,0000;6,0000;5,0000;8,2500;0,2650;0,4460;0,5930;0,7980;1,0130;1,4160;1,8870;2,3350;2,4900;2,5380;2014-Mar-04;2014-Mar-20;2014-Mar-04;2014-Mar-10;3,1990;-;-;-;
MAR 2014;-;-;-;-;0,5770;3,1770;2,9500;0,9980;2,0670;0,5770;4,0000;6,0000;5,0000;8,2500;0,3030;0,4820;0,6170;0,8020;0,9980;1,3740;1,8320;2,2830;2,4450;2,5010;2014-Abr-02;2014-Abr-22;2014-Abr-02;2014-Abr-10;3,1770;-;-;-;
ABR 2014;-;-;-;-;0,6040;3,1810;2,9000;0,9570;1,8880;0,6040;4,0000;6,0000;5,0000;8,2500;0,3010;0,4740;0,6010;0,7730;0,9570;1,3170;1,7630;2,2100;2,3780;2,4410;2014-May-06;2014-May-21;2014-May-06;2014-May-14;3,1810;-;-;-;
MAY 2014;-;-;-;-;0,5920;3,1640;2,9100;0,8310;1,7200;0,5920;4,0000;6,0000;5,0000;8,2500;0,2570;0,4070;0,5060;0,6580;0,8310;1,1860;1,6320;2,0810;2,2530;2,3210;2014-Jun-03;2014-Jun-19;2014-Jun-03;2014-Jun-10;3,1640;-;-;-;
JUN 2014;-;-;-;-;0,5130;3,0640;2,8600;0,7070;1,5230;0,5130;4,0000;6,0000;5,0000;8,2500;0,1990;0,3310;0,4110;0,5430;0,7070;1,0670;1,5330;2,0030;2,1940;2,2810;2014-Jul-02;2014-Jul-18;2014-Jul-02;2014-Jul-09;3,0640;-;-;-;
JUL 2014;-;-;-;-;0,4880;3,0330;2,8300;0,6430;1,3590;0,4880;4,0000;6,0000;5,0000;8,1500;0,1900;0,3210;0,3920;0,5030;0,6430;0,9630;1,3980;1,8480;2,0390;2,1290;2014-Ago-02;2014-Ago-21;2014-Ago-02;2014-Ago-11;3,0330;-;-;-;
AGO 2014;-;-;-;-;0,4690;3,0210;2,7500;0,5800;1,2130;0,4690;4,0000;6,0000;5,0000;8,1500;0,1740;0,3090;0,3700;0,4630;0,5800;0,8530;1,2430;1,6480;1,8250;1,9160;2014-Sep-02;2014-Sep-18;2014-Sep-02;2014-Sep-04;3,0210;-;-;-;
SEP 2014;-;-;-;-;0,3620;2,9490;2,7400;0,4880;1,0640;0,3620;4,0000;6,0000;5,0000;8,1500;0,0870;0,2160;0,2760;0,3690;0,4880;0,7710;1,1820;1,6140;1,8190;1,9500;2014-Oct-02;2014-Oct-18;2014-Oct-02;2014-Oct-06;2,9490;-;-;-;
OCT 2014;-;-;-;-;0,3380;2,8190;2,6900;0,4590;0,9680;0,3380;4,0000;6,0000;5,0000;8,1500;0,0900;0,2170;0,2730;0,3550;0,4590;0,7140;1,0990;1,5170;1,7220;1,8460;2014-Nov-04;2014-Nov-20;2014-Nov-04;2014-Nov-11;2,8190;-;-;-;
NOV 2014;-;-;-;-;0,3350;2,6060;2,6300;0,4200;0,8830;0,3350;4,0000;6,0000;5,0000;8,1500;0,0830;0,2140;0,2630;0,3320;0,4200;0,6430;1,0040;1,4100;1,6140;1,7450;2014-Dic-02;2014-Dic-18;2014-Dic-02;2014-Dic-03;2,6060;-;-;-;
DIC 2014;-;-;-;-;0,3290;2,5570;2,5300;0,4010;0,8280;0,3290;4,0000;6,0000;5,0000;8,1500;0,0810;0,2020;0,2540;0,3210;0,4010;0,5930;0,9110;1,2690;1,4490;1,5840;2015-Ene-03;2015-Ene-21;2015-Ene-03;2015-Ene-03;2,5570;-;-;-;
ENE 2015;-;-;-;-;0,2980;2,4360;2,5200;0,3180;0,7580;0,2980;3,5000;5,5000;4,3750;8,0500;0,0390;0,1410;0,1830;0,2440;0,3180;0,4820;0,7360;1,0170;1,1710;1,3020;2015-Feb-03;2015-Feb-19;2015-Feb-03;2015-Feb-11;2,4360;-;-;-;
FEB 2015;-;-;-;-;0,2550;2,4570;2,5300;0,3020;0,7120;0,2550;3,5000;5,5000;4,3750;8,0500;0,0410;0,1300;0,1680;0,2290;0,3020;0,4660;0,7030;0,9610;1,1030;1,2070;2015-Mar-03;2015-Mar-19;2015-Mar-03;2015-Mar-14;2,4570;-;-;-;
MAR 2015;-;-;-;-;0,2120;2,3240;2,4700;0,2750;0,6550;0,2120;3,5000;5,5000;4,3750;8,0500;0,0100;0,0950;0,1370;0,2020;0,2750;0,4230;0,6280;0,8390;0,9410;1,0210;2015-Abr-02;2015-Abr-18;2015-Abr-02;2015-Abr-11;2,3240;-;-;-;
ABR 2015;-;-;-;-;0,1800;2,2510;2,4500;0,2160;0,5850;0,1800;3,5000;5,5000;4,3750;8,0500;-0,0040;0,0700;0,1030;0,1560;0,2160;0,3430;0,5140;0,6940;0,7730;0,8140;2015-May-05;2015-May-21;2015-May-05;2015-May-13;2,2510;-;-;-;
MAY 2015;-;-;-;-;0,1650;2,1560;2,4000;0,3840;0,5350;0,1650;3,5000;5,5000;4,3750;8,0500;-0,0020;0,1030;0,1740;0,2720;0,3840;0,6150;0,8980;1,1640;1,2710;1,3210;2015-Jun-02;2015-Jun-18;2015-Jun-02;2015-Jun-10;2,1560;-;-;-;
JUN 2015;-;-;-;-;0,1630;2,1610;2,3300;0,5210;0,5550;0,1630;3,5000;5,5000;4,3750;8,0500;0,0170;0,1370;0,2350;0,3690;0,5210;0,8130;1,1570;1,4780;1,5970;1,6340;2015-Jul-03;2015-Jul-18;2015-Jul-03;2015-Jul-13;2,1610;-;-;-;
JUL 2015;-;-;-;-;0,1670;2,1520;2,2500;0,4630;0,5730;0,1670;3,5000;5,5000;4,3750;8,0500;-0,0070;0,1110;0,1950;0,3190;0,4630;0,7550;1,1200;1,4780;1,6260;1,6720;2015-Ago-04;2015-Ago-20;2015-Ago-04;2015-Ago-05;2,1520;-;-;-;
AGO 2015;-;-;-;-;0,1610;2,1820;2,2600;0,3950;0,5790;0,1610;3,5000;5,5000;4,3750;8,0500;-0,0280;0,0880;0,1650;0,2720;0,3950;0,6560;0,9960;1,3340;1,4750;1,5180;2015-Sep-02;2015-Sep-19;2015-Sep-02;2015-Sep-03;2,1820;-;-;-;
SEP 2015;-;-;-;-;0,1540;2,1170;2,2800;0,3900;0,6410;0,1540;3,5000;5,5000;4,3750;8,0500;-0,0420;0,0730;0,1490;0,2610;0,3900;0,6640;1,0240;1,3910;1,5430;1,5860;2015-Oct-02;2015-Oct-20;2015-Oct-02;2015-Oct-08;2,1170;-;-;-;
OCT 2015;-;-;-;-;0,1280;2,1270;2,3600;0,3150;0,6650;0,1280;3,5000;5,5000;4,3750;8,0500;-0,0840;0,0230;0,0900;0,1940;0,3150;0,5790;0,9300;1,3020;1,4640;1,5120;2015-Nov-03;2015-Nov-19;2015-Nov-03;2015-Nov-06;2,1270;-;-;-;
NOV 2015;-;-;-;-;0,0790;2,1320;2,3200;0,2310;0,6540;0,0790;3,5000;5,5000;4,3750;8,0500;-0,1680;-0,0700;-0,0100;0,1000;0,2310;0,5160;0,9000;1,3020;1,4820;1,5480;2015-Dic-02;2015-Dic-18;2015-Dic-02;2015-Dic-03;2,1320;-;-;-;
DIC 2015;-;-;-;-;0,0590;2,0540;2,3200;0,2660;0,5970;0,0590;3,5000;5,5000;4,3750;8,0500;-0,1730;-0,0570;0,0140;0,1310;0,2660;0,5460;0,9250;1,3240;1,4950;1,5360;2016-Ene-05;2016-Ene-20;2016-Ene-05;2016-Ene-05;2,0540;-;-;-;
ENE 2016;-;-;-;-;0,0420;2,0140;2,2700;0,2020;0,5450;0,0420;3,0000;5,0000;3,7500;8,0500;-0,2150;-0,0970;-0,0330;0,0750;0,2020;0,4710;0,8360;1,2340;1,4050;1,4520;2016-Feb-02;2016-Feb-18;2016-Feb-02;2016-Feb-05;2,0140;-;-;-;
FEB 2016;-;-;-;-;-0,0080;2,0070;2,2300;0,0470;0,5250;-0,0080;3,0000;5,0000;3,7500;8,0500;-0,2820;-0,1740;-0,1310;-0,0520;0,0470;0,2770;0,6020;0,9360;1,0700;1,1140;2016-Mar-02;2016-Mar-18;2016-Mar-02;2016-Mar-02;2,0070;-;-;-;
MAR 2016;-;-;-;-;-0,0120;1,9190;2,2000;0,0250;0,4550;-0,0120;3,0000;5,0000;3,7500;8,0500;-0,2800;-0,1680;-0,1320;-0,0640;0,0250;0,2430;0,5750;0,9280;1,0630;1,1020;2016-Abr-02;2016-Abr-20;2016-Abr-02;2016-Abr-09;1,9190;-;-;-;
ABR 2016;-;-;-;-;-0,0100;2,0300;2,0900;0,0240;0,4230;-0,0100;3,0000;5,0000;3,7500;8,0500;-0,2740;-0,1540;-0,1240;-0,0600;0,0240;0,2380;0,5630;0,9120;1,0450;1,0790;2016-May-04;2016-May-20;2016-May-04;2016-May-13;2,0300;-;-;-;
MAY 2016;-;-;-;-;-0,0130;1,8900;2,1000;0,0200;0,3880;-0,0130;3,0000;5,0000;3,7500;8,0500;-0,2770;-0,1510;-0,1210;-0,0620;0,0200;0,2310;0,5620;0,9270;1,0740;1,1160;2016-Jun-02;2016-Jun-18;2016-Jun-02;2016-Jun-07;1,8900;-;-;-;
JUN 2016;-;-;-;-;-0,0280;1,9700;2,0300;-0,0400;0,3590;-0,0280;3,0000;5,0000;3,7500;8,0500;-0,2940;-0,1810;-0,1630;-0,1150;-0,0400;0,1570;0,4700;0,8060;0,9360;0,9640;2016-Jul-02;2016-Jul-20;2016-Jul-02;2016-Jul-07;1,9700;-;-;-;
JUL 2016;-;-;-;-;-0,0560;2,0070;2,0000;-0,1400;0,3060;-0,0560;3,0000;5,0000;3,7500;8,0000;-0,3390;-0,2270;-0,2220;-0,1940;-0,1400;0,0270;0,3160;0,6350;0,7560;0,7850;2016-Ago-03;2016-Ago-19;2016-Ago-03;2016-Ago-03;2,0070;-;-;-;
AGO 2016;-;-;-;-;-0,0480;1,9570;1,9600;-0,1330;0,2240;-0,0480;3,0000;5,0000;3,7500;8,0000;-0,3280;-0,2120;-0,2050;-0,1810;-0,1330;0,0160;0,2870;0,5940;0,7160;0,7440;2016-Sep-02;2016-Sep-20;2016-Sep-02;2016-Sep-10;1,9570;-;-;-;
SEP 2016;-;-;-;-;-0,0570;1,9030;1,9600;-0,1310;0,1650;-0,0570;3,0000;5,0000;3,7500;8,0000;-0,3320;-0,2250;-0,2140;-0,1840;-0,1310;0,0270;0,3100;0,6320;0,7640;0,8040;2016-Oct-04;2016-Oct-20;2016-Oct-04;2016-Oct-05;1,9030;-;-;-;
OCT 2016;-;-;-;-;-0,0690;1,9210;1,9800;-0,0650;0,1100;-0,0690;3,0000;5,0000;3,7500;8,0000;-0,3130;-0,1950;-0,1710;-0,1290;-0,0650;0,1090;0,4060;0,7400;0,8730;0,9140;2016-Nov-03;2016-Nov-18;2016-Nov-03;2016-Nov-16;1,9210;-;-;-;
NOV 2016;-;-;-;-;-0,0740;1,9360;1,9000;0,0830;0,1050;-0,0740;3,0000;5,0000;3,7500;8,0000;-0,2920;-0,1460;-0,0850;-0,0090;0,0830;0,3000;0,6180;0,9530;1,0860;1,1330;2016-Dic-02;2016-Dic-20;2016-Dic-02;2016-Dic-13;1,9360;-;-;-;
DIC 2016;-;-;-;-;-0,0800;1,8740;1,9100;0,1180;0,0780;-0,0800;3,0000;5,0000;3,7500;8,0000;-0,2960;-0,1560;-0,0880;0,0040;0,1180;0,3740;0,7320;1,0970;1,2440;1,3020;2017-Ene-03;2017-Ene-19;2017-Ene-03;2017-Ene-11;1,8740;-;-;-;
ENE 2017;-;-;-;-;-0,0950;1,9280;1,8800;0,1220;0,0870;-0,0950;3,0000;5,0000;3,7500;8,0000;-0,3110;-0,1650;-0,0870;0,0090;0,1220;0,3710;0,7330;1,1130;1,2720;1,3490;2017-Feb-02;2017-Feb-18;2017-Feb-02;2017-Feb-04;1,9280;-;-;-;
FEB 2017;-;-;-;-;-0,1060;1,8810;1,8700;0,1460;0,1360;-0,1060;3,0000;5,0000;3,7500;8,0000;-0,2960;-0,1470;-0,0670;0,0310;0,1460;0,4000;0,7650;1,1570;1,3260;1,4110;2017-Mar-02;2017-Mar-18;2017-Mar-02;2017-Mar-02;1,8810;-;-;-;
MAR 2017;-;-;-;-;-0,1100;1,8790;1,8900;0,2320;0,1790;-0,1100;3,0000;5,0000;3,7500;8,0000;-0,2850;-0,1100;-0,0050;0,1090;0,2320;0,4790;0,8230;1,1960;1,3570;1,4360;2017-Abr-04;2017-Abr-20;2017-Abr-04;2017-Abr-07;1,8790;-;-;-;
ABR 2017;-;-;-;-;-0,1190;1,9060;1,8800;0,1630;0,2150;-0,1190;3,0000;5,0000;3,7500;8,0000;-0,3040;-0,1480;-0,0570;0,0470;0,1630;0,4030;0,7430;1,1100;1,2650;1,3420;2017-May-04;2017-May-19;2017-May-04;2017-May-11;1,9060;-;-;-;
MAY 2017;-;-;-;-;-0,1270;1,9470;1,9000;0,2080;0,2050;-0,1270;3,0000;5,0000;3,7500;8,0000;-0,3100;-0,1420;-0,0350;0,0830;0,2080;0,4620;0,8170;1,2050;1,3750;1,4640;2017-Jun-02;2017-Jun-20;2017-Jun-02;2017-Jun-09;1,9470;-;-;-;
JUN 2017;-;-;-;-;-0,1490;1,9130;1,9000;0,1600;0,1870;-0,1490;3,0000;5,0000;3,7500;8,0000;-0,3140;-0,1730;-0,0760;0,0370;0,1600;0,4100;0,7690;1,1640;1,3410;1,4350;2017-Jul-04;2017-Jul-20;2017-Jul-04;2017-Jul-12;1,9130;-;-;-;
JUL 2017;-;-;-;-;-0,1540;1,9290;1,9100;0,2870;0,1830;-0,1540;3,0000;5,0000;3,7500;8,0000;-0,3050;-0,1380;-0,0060;0,1390;0,2870;0,5670;0,9360;1,3290;1,5030;1,5960;2017-Ago-02;2017-Ago-19;2017-Ago-02;2017-Ago-18;1,9290;-;-;-;
AGO 2017;-;-;-;-;-0,1560;1,9530;1,9100;0,2080;0,1420;-0,1560;3,0000;5,0000;3,7500;8,0000;-0,3160;-0,1700;-0,0590;0,0700;0,2080;0,4790;0,8450;1,2420;1,4170;1,5120;2017-Sep-02;2017-Sep-20;2017-Sep-02;2017-Sep-13;1,9530;-;-;-;
SEP 2017;-;-;-;-;-0,1680;1,8730;2,0000;0,1980;0,1040;-0,1680;3,0000;5,0000;3,7500;8,0000;-0,3180;-0,1820;-0,0700;0,0600;0,1980;0,4720;0,8460;1,2540;1,4380;1,5400;2017-Oct-03;2017-Oct-19;2017-Oct-03;2017-Oct-28;1,8730;-;-;-;
OCT 2017;-;-;-;-;-0,1800;1,9040;1,9300;0,2330;0,0740;-0,1800;3,0000;5,0000;3,7500;8,0000;-0,3170;-0,1790;-0,0540;0,0870;0,2330;0,5130;0,8870;1,2930;1,4780;1,5850;2017-Nov-03;2017-Nov-18;2017-Nov-03;2017-Nov-07;1,9040;-;-;-;
NOV 2017;-;-;-;-;-0,1890;1,9100;1,9200;0,2030;0,0650;-0,1890;3,0000;5,0000;3,7500;8,0000;-0,3220;-0,1940;-0,0730;0,0630;0,2030;0,4710;0,8340;1,2350;1,4220;1,5330;2017-Dic-02;2017-Dic-20;2017-Dic-02;2017-Dic-15;1,9100;-;-;-;
DIC 2017;-;-;-;-;-0,1900;1,9020;1,9300;0,2370;0,0730;-0,1900;3,0000;5,0000;3,7500;8,0000;-0,3190;-0,1780;-0,0430;0,0990;0,2370;0,4900;0,8250;1,1970;1,3690;1,4600;2018-Ene-03;2018-Ene-18;2018-Ene-03;2018-Ene-09;1,9020;-;-;-;
ENE 2018;-;-;-;-;-0,1890;1,9380;1,8600;0,3690;0,0700;-0,1890;3,0000;5,0000;3,7500;8,0000;-0,3120;-0,1370;0,0380;0,2110;0,3690;0,6320;0,9540;1,3040;1,4630;1,5360;2018-Feb-02;2018-Feb-20;2018-Feb-02;2018-Feb-09;1,9380;-;-;-;
FEB 2018;-;-;-;-;-0,1910;1,9000;1,8700;0,4800;0,0930;-0,1910;3,0000;5,0000;3,7500;8,0000;-0,3090;-0,1240;0,0820;0,2910;0,4800;0,7880;1,1220;1,4530;1,5900;1,6320;2018-Mar-02;2018-Mar-20;2018-Mar-02;2018-Mar-12;1,9000;-;-;-;
MAR 2018;-;-;-;-;-0,1910;1,8950;1,8800;0,4250;0,1080;-0,1910;3,0000;5,0000;3,7500;8,0000;-0,3140;-0,1400;0,0530;0,2500;0,4250;0,7150;1,0380;1,3670;1,5070;1,5480;2018-Abr-03;2018-Abr-19;2018-Abr-03;2018-Abr-12;1,8950;-;-;-;
ABR 2018;-;-;-;-;-0,1900;1,9050;1,8400;0,3880;0,1070;-0,1900;3,0000;5,0000;3,7500;8,0000;-0,3160;-0,1420;0,0380;0,2230;0,3880;0,6660;0,9850;1,3160;1,4590;1,5040;2018-May-04;2018-May-19;2018-May-04;2018-May-10;1,9050;-;-;-;
MAY 2018;-;-;-;-;-0,1880;1,8920;1,8500;0,3810;0,1190;-0,1880;3,0000;5,0000;3,7500;8,0000;-0,3030;-0,1380;0,0320;0,2140;0,3810;0,6680;0,9980;1,3390;1,4920;1,5490;2018-Jun-02;2018-Jun-20;2018-Jun-02;2018-Jun-02;1,8920;-;-;-;
JUN 2018;-;-;-;-;-0,1810;1,8620;1,8700;0,3180;0,1360;-0,1810;3,0000;5,0000;3,7500;8,0000;-0,2960;-0,1510;-0,0010;0,1620;0,3180;0,5990;0,9390;1,2930;1,4540;1,5200;2018-Jul-03;2018-Jul-19;2018-Jul-03;2018-Jul-07;1,8620;-;-;-;
JUL 2018;-;-;-;-;-0,1800;1,8540;1,8200;0,2790;0,1360;-0,1800;3,0000;5,0000;3,7500;8,0000;-0,3050;-0,1660;-0,0220;0,1310;0,2790;0,5500;0,8860;1,2420;1,4070;1,4780;2018-Ago-02;2018-Ago-21;2018-Ago-02;2018-Ago-04;1,8540;-;-;-;
AGO 2018;-;-;-;-;-0,1690;1,9320;1,8500;0,2910;0,1200;-0,1690;3,0000;5,0000;3,7500;8,0000;-0,2910;-0,1480;-0,0060;0,1450;0,2910;0,5610;0,8970;1,2520;1,4160;1,4870;2018-Sep-04;2018-Sep-20;2018-Sep-04;2018-Sep-13;1,9320;-;-;-;
SEP 2018;-;-;-;-;-0,1660;1,8910;1,8200;0,3370;0,1340;-0,1660;3,0000;5,0000;3,7500;8,0000;-0,2930;-0,1350;0,0210;0,1840;0,3370;0,6100;0,9450;1,2990;1,4630;1,5300;2018-Oct-02;2018-Oct-18;2018-Oct-02;2018-Oct-11;1,8910;-;-;-;
OCT 2018;-;-;-;-;-0,1540;1,9320;1,8200;0,3970;0,1890;-0,1540;3,0000;5,0000;3,7500;8,0000;-0,2860;-0,1070;0,0650;0,2380;0,3970;0,6770;1,0080;1,3520;1,5060;1,5600;2018-Nov-03;2018-Nov-21;2018-Nov-03;2018-Nov-12;1,9320;-;-;-;
NOV 2018;-;-;-;-;-0,1470;2,0090;1,8000;0,3330;0,2180;-0,1470;3,0000;5,0000;3,7500;8,0000;-0,2950;-0,1290;0,0230;0,1820;0,3330;0,6070;0,9400;1,2900;1,4470;1,5020;2018-Dic-04;2018-Dic-20;2018-Dic-04;2018-Dic-12;2,0090;-;-;-;
DIC 2018;-;-;-;-;-0,1290;2,0370;1,8500;0,2540;0,2170;-0,1290;3,0000;5,0000;3,7500;8,0000;-0,2910;-0,1500;-0,0270;0,1130;0,2540;0,5190;0,8520;1,2050;1,3580;1,4100;2019-Ene-03;2019-Ene-18;2019-Ene-03;2019-Ene-04;2,0370;-;-;-;
ENE 2019;-;-;-;-;-0,1160;2,0220;1,8100;0,1830;0,2210;-0,1160;3,0000;5,0000;3,7500;8,0000;-0,2890;-0,1590;-0,0610;0,0570;0,1830;0,4370;0,7730;1,1350;1,2960;1,3550;2019-Feb-02;2019-Feb-20;2019-Feb-02;2019-Feb-08;2,0220;2244493,0000;17985,0000;27,0000;
FEB 2019;-;-;-;-;-0,1080;2,0560;1,8100;0,1330;0,2230;-0,1080;3,0000;5,0000;3,7500;8,0000;-0,2910;-0,1560;-0,0700;0,0280;0,1330;0,3520;0,6630;1,0190;1,1830;1,2470;2019-Mar-02;2019-Mar-20;2019-Mar-02;2019-Mar-12;2,0560;2412393,0000;19313,0000;27,0000;
MAR 2019;-;-;-;-;-0,1090;2,0390;1,8400;0,0900;0,1960;-0,1090;3,0000;5,0000;3,7500;8,0000;-0,3000;-0,1700;-0,0920;-0,0040;0,0900;0,2870;0,5770;0,9240;1,0930;1,1730;2019-Abr-02;2019-Abr-18;2019-Abr-02;2019-Abr-06;2,0390;2813897,0000;22742,0000;29,0000;
ABR 2019;-;-;-;-;-0,1120;2,0170;1,8000;0,0390;0,1360;-0,1120;3,0000;5,0000;3,7500;8,0000;-0,3160;-0,1990;-0,1340;-0,0510;0,0390;0,2330;0,5210;0,8690;1,0390;1,1190;2019-May-07;2019-May-21;2019-May-07;2019-May-10;2,0170;2765255,0000;22040,0000;26,0000;
MAY 2019;-;-;-;-;-0,1340;2,0520;1,7700;-0,0230;0,0660;-0,1340;3,0000;5,0000;3,7500;8,0000;-0,3330;-0,2320;-0,1790;-0,1060;-0,0230;0,1600;0,4370;0,7800;0,9510;1,0300;2019-Jun-04;2019-Jun-20;2019-Jun-04;2019-Jun-21;2,0520;3095475,0000;24746,0000;29,0000;
JUN 2019;-;-;-;-;-0,1900;2,0410;1,7900;-0,1710;0,0080;-0,1900;3,0000;5,0000;3,7500;8,0000;-0,3990;-0,3320;-0,3010;-0,2420;-0,1710;-0,0090;0,2470;0,5650;0,7280;0,8020;2019-Jul-02;2019-Jul-18;2019-Jul-02;2019-Jul-03;2,0410;2475720,0000;19027,0000;28,0000;
JUL 2019;-;-;-;-;-0,2830;1,8360;1,7300;-0,2740;-0,0700;-0,2830;3,0000;5,0000;3,7500;8,0000;-0,4740;-0,4200;-0,3940;-0,3420;-0,2740;-0,1230;0,1210;0,4270;0,5910;0,6680;2019-Ago-02;2019-Ago-21;2019-Ago-02;2019-Ago-06;1,8360;2695156,0000;19833,0000;25,0000;
AGO 2019;-;-;-;-;-0,3560;1,9130;1,7100;-0,4600;-0,1430;-0,3560;3,0000;5,0000;3,7500;8,0000;-0,5360;-0,5150;-0,5150;-0,4940;-0,4600;-0,3630;-0,1870;0,0510;0,1770;0,2300;2019-Sep-03;2019-Sep-19;2019-Sep-03;2019-Sep-11;1,9130;1867361,0000;15075,0000;26,0000;
SEP 2019;-;-;-;-;-0,3390;1,8250;1,6800;-0,4320;-0,2010;-0,3390;3,0000;5,0000;3,7500;8,0000;-0,5070;-0,4780;-0,4790;-0,4630;-0,4320;-0,3370;-0,1570;0,0860;0,2060;0,2500;2019-Oct-02;2019-Oct-18;2019-Oct-02;2019-Oct-09;1,8250;2403047,0000;18758,0000;28,0000;
OCT 2019;-;-;-;-;-0,3040;1,8060;1,6400;-0,3220;-0,2520;-0,3040;3,0000;5,0000;3,7500;8,0000;-0,4640;-0,4080;-0,3930;-0,3620;-0,3220;-0,2190;-0,0370;0,2080;0,3310;0,3690;2019-Nov-05;2019-Nov-20;2019-Nov-05;2019-Nov-08;1,8060;2782203,0000;21766,0000;29,0000;
NOV 2019;-;-;-;-;-0,2720;1,8030;1,5900;-0,2200;-0,2720;-0,2720;3,0000;5,0000;3,7500;8,0000;-0,4170;-0,3420;-0,3140;-0,2700;-0,2200;-0,1040;0,0830;0,3380;0,4660;0,5030;2019-Dic-03;2019-Dic-19;2019-Dic-03;2019-Dic-10;1,8030;2814838,0000;22146,0000;27,0000;
DIC 2019;-;-;-;-;-0,2610;1,8070;1,5900;-0,1810;-0,2640;-0,2610;3,0000;5,0000;3,7500;8,0000;-0,4060;-0,3220;-0,2840;-0,2340;-0,1810;-0,0650;0,1200;0,3710;0,5000;0,5330;2020-Ene-03;2020-Ene-18;2020-Ene-03;2020-Ene-10;1,8070;3445407,0000;25795,0000;29,0000;
ENE 2020;-;-;-;-;-0,2530;1,8250;1,5800;-0,1860;-0,2350;-0,2530;3,0000;5,0000;3,7500;8,0000;-0,4010;-0,3160;-0,2800;-0,2360;-0,1860;-0,0770;0,1030;0,3550;0,4890;0,5280;2020-Feb-04;2020-Feb-20;2020-Feb-04;2020-Feb-12;1,8250;2418697,0000;18268,0000;26,0000;
FEB 2020;-;-;-;-;-0,2880;1,8160;1,5200;-0,3030;-0,2190;-0,2880;3,0000;5,0000;3,7500;8,0000;-0,4440;-0,3800;-0,3630;-0,3360;-0,3030;-0,2210;-0,0690;0,1600;0,2840;0,3140;2020-Mar-03;2020-Mar-19;2020-Mar-03;2020-Mar-04;1,8160;2597817,0000;20090,0000;28,0000;
MAR 2020;-;-;-;-;-0,2660;1,7650;1,5400;-0,2820;-0,1660;-0,2660;3,0000;5,0000;3,7500;8,0000;-0,4720;-0,3890;-0,4260;-0,4420;-0,2820;-0,1730;-0,0760;0,1250;0,1920;0,1410;2020-Abr-02;2020-Abr-18;2020-Abr-02;2020-Abr-11;1,7650;2172130,0000;16696,0000;26,0000;
ABR 2020;-;-;-;-;-0,1080;1,7540;1,5500;-0,2240;-0,0750;-0,1080;3,0000;5,0000;3,7500;8,0000;-0,3230;-0,2710;-0,2690;-0,2500;-0,2240;-0,1560;-0,0410;0,1170;0,1650;0,0770;2020-May-05;2020-May-21;2020-May-05;2020-May-13;1,7540;1395372,0000;10271,0000;22,0000;
MAY 2020;-;-;-;-;-0,0810;1,7450;1,5400;-0,2920;-0,0490;-0,0810;3,0000;5,0000;3,7500;8,0000;-0,3660;-0,2990;-0,3160;-0,3110;-0,2920;-0,2370;-0,1320;0,0180;0,0650;-0,0170;2020-Jun-02;2020-Jun-18;2020-Jun-02;2020-Jun-11;1,7450;1960382,0000;14094,0000;26,0000;
JUN 2020;-;-;-;-;-0,1470;1,7440;1,5800;-0,3000;-0,0540;-0,1470;3,0000;5,0000;3,7500;8,0000;-0,4220;-0,3350;-0,3390;-0,3250;-0,3000;-0,2320;-0,1140;0,0570;0,1260;0,0850;2020-Jul-02;2020-Jul-18;2020-Jul-02;2020-Jul-03;1,7440;2389135,0000;17087,0000;27,0000;
JUL 2020;-;-;-;-;-0,2790;1,7450;1,6400;-0,3630;-0,0700;-0,2790;3,0000;5,0000;3,7500;8,0000;-0,4610;-0,3940;-0,3960;-0,3840;-0,3630;-0,3050;-0,1930;-0,0260;0,0390;-0,0060;2020-Ago-04;2020-Ago-20;2020-Ago-04;2020-Ago-21;1,7450;2950700,0000;21045,0000;26,0000;
AGO 2020;-;-;-;-;-0,3590;1,7430;1,5800;-0,3800;-0,0770;-0,3590;3,0000;5,0000;3,7500;8,0000;-0,4810;-0,4300;-0,4220;-0,4040;-0,3800;-0,3170;-0,1990;-0,0220;0,0480;0,0060;2020-Sep-02;2020-Sep-18;2020-Sep-02;2020-Sep-04;1,7430;2195732,0000;16548,0000;26,0000;
SEP 2020;-;-;-;-;-0,4150;1,7000;1,6100;-0,4180;-0,1330;-0,4150;3,0000;5,0000;3,7500;8,0000;-0,5120;-0,4770;-0,4680;-0,4470;-0,4180;-0,3450;-0,2130;-0,0270;0,0490;0,0200;2020-Oct-02;2020-Oct-20;2020-Oct-02;2020-Oct-06;1,7000;2894517,0000;21687,0000;27,0000;
OCT 2020;-;-;-;-;-0,4660;1,6630;1,6100;-0,4590;-0,2320;-0,4660;3,0000;5,0000;3,7500;8,0000;-0,5350;-0,5150;-0,5080;-0,4880;-0,4590;-0,3860;-0,2550;-0,0700;0,0050;-0,0260;2020-Nov-04;2020-Nov-19;2020-Nov-04;2020-Nov-05;1,6630;2919074,0000;22385,0000;27,0000;
NOV 2020;-;-;-;-;-0,4810;1,6610;1,5800;-0,4600;-0,3020;-0,4810;3,0000;5,0000;3,7500;8,0000;-0,5420;-0,5250;-0,5150;-0,4920;-0,4600;-0,3810;-0,2410;-0,0460;0,0350;0,0120;2020-Dic-02;2020-Dic-18;2020-Dic-02;2020-Dic-04;1,6610;3251927,0000;24387,0000;27,0000;
DIC 2020;-;-;-;-;-0,4970;1,5630;1,5400;-0,4690;-0,3560;-0,4970;3,0000;5,0000;3,7500;8,0000;-0,5550;-0,5300;-0,5180;-0,4980;-0,4690;-0,3960;-0,2650;-0,0800;0,0000;-0,0240;2021-Ene-05;2021-Ene-20;2021-Ene-05;2021-Ene-09;1,5630;4065848,0000;28767,0000;28,0000;
ENE 2021;-0,5680;-0,5620;-0,5470;-0,5290;-0,5050;1,5580;1,5200;-0,4490;-0,3820;-0,5050;3,0000;5,0000;3,7500;8,0000;-0,5580;-0,5290;-0,5110;-0,4830;-0,4490;-0,3660;-0,2250;-0,0300;0,0590;0,0450;2021-Feb-02;2021-Feb-18;2021-Feb-02;2021-Feb-10;1,5580;2453847,0000;17439,0000;27,0000;
FEB 2021;-0,5660;-0,5530;-0,5410;-0,5210;-0,5010;1,5650;1,5000;-0,3760;-0,3970;-0,5010;3,0000;5,0000;3,7500;8,0000;-0,5490;-0,5100;-0,4790;-0,4320;-0,3760;-0,2560;-0,0730;0,1600;0,2690;0,2830;2021-Mar-02;2021-Mar-18;2021-Mar-02;2021-Mar-09;1,5650;3068633,0000;22469,0000;28,0000;
MAR 2021;-0,5650;-0,5530;-0,5390;-0,5160;-0,4870;1,5710;1,4900;-0,3320;-0,3990;-0,4870;3,0000;5,0000;3,7500;8,0000;-0,5440;-0,4940;-0,4550;-0,3990;-0,3320;-0,1860;0,0260;0,2860;0,4040;0,4220;2021-Abr-06;2021-Abr-20;2021-Abr-06;2021-Abr-15;1,5710;4115262,0000;29765,0000;28,0000;
ABR 2021;-0,5640;-0,5550;-0,5380;-0,5160;-0,4840;1,4800;1,4400;-0,3060;-0,3830;-0,4840;3,0000;5,0000;3,7500;8,0000;-0,5460;-0,4940;-0,4460;-0,3800;-0,3060;-0,1490;0,0740;0,3420;0,4630;0,4790;2021-May-05;2021-May-20;2021-May-05;2021-May-06;1,4800;3390356,0000;24296,0000;26,0000;
MAY 2021;-0,5650;-0,5580;-0,5400;-0,5130;-0,4810;1,5070;1,4800;-0,2450;-0,3500;-0,4810;3,0000;5,0000;3,7500;8,0000;-0,5370;-0,4700;-0,4050;-0,3270;-0,2450;-0,0790;0,1470;0,4120;0,5300;0,5420;2021-Jun-02;2021-Jun-18;2021-Jun-03;2021-Jun-05;1,5070;3912234,0000;28107,0000;27,0000;
JUN 2021;-0,5670;-0,5550;-0,5430;-0,5150;-0,4840;1,5270;1,4300;-0,2650;-0,3320;-0,4840;3,0000;5,0000;3,7500;8,0000;-0,5350;-0,4670;-0,4080;-0,3390;-0,2650;-0,1110;0,1040;0,3650;0,4790;0,4840;2021-Jul-02;2021-Jul-20;2021-Jul-03;2021-Jul-12;1,5270;4288789,0000;30059,0000;29,0000;
JUL 2021;-0,5660;-0,5560;-0,5450;-0,5160;-0,4910;1,4850;1,4300;-0,3170;-0,3260;-0,4910;3,0000;5,0000;3,7500;8,0000;-0,5370;-0,4720;-0,4250;-0,3730;-0,3170;-0,1910;0,0010;0,2510;0,3590;0,3500;2021-Ago-03;2021-Ago-19;2021-Ago-04;2021-Ago-04;1,4850;4323769,0000;29474,0000;27,0000;
AGO 2021;-0,5710;-0,5600;-0,5480;-0,5270;-0,4980;1,5290;1,4500;-0,3700;-0,3380;-0,4980;3,0000;5,0000;3,7500;8,0000;-0,5450;-0,4960;-0,4580;-0,4160;-0,3700;-0,2660;-0,0920;0,1410;0,2410;0,2200;2021-Sep-02;2021-Sep-18;2021-Sep-03;2021-Sep-06;1,5290;2283639,0000;17255,0000;24,0000;
SEP 2021;-0,5700;-0,5580;-0,5450;-0,5220;-0,4920;1,4890;1,4700;-0,2660;-0,3510;-0,4920;3,0000;5,0000;3,7500;8,0000;-0,5310;-0,4540;-0,3950;-0,3310;-0,2660;-0,1360;0,0580;0,2990;0,4030;0,3910;2021-Oct-02;2021-Oct-20;2021-Oct-05;2021-Oct-08;1,4890;3147911,0000;22096,0000;26,0000;
OCT 2021;-0,5700;-0,5600;-0,5500;-0,5270;-0,4770;1,4670;1,4600;-0,1000;-0,3410;-0,4770;3,0000;5,0000;3,7500;8,0000;-0,5130;-0,3760;-0,2700;-0,1810;-0,1000;0,0450;0,2350;0,4480;0,5300;0,4910;2021-Nov-03;2021-Nov-18;2021-Nov-03;2021-Nov-05;1,4670;3133073,0000;22561,0000;26,0000;
NOV 2021;-0,5730;-0,5650;-0,5670;-0,5340;-0,4870;1,4120;1,4700;-0,0890;-0,3440;-0,4870;3,0000;5,0000;3,7500;8,0000;-0,5100;-0,3390;-0,2210;-0,1460;-0,0890;0,0170;0,1790;0,3440;0,3870;0,3150;2021-Dic-02;2021-Dic-18;2021-Dic-03;2021-Dic-10;1,4120;3640457,0000;25997,0000;24,0000;
DIC 2021;-0,5800;-0,5960;-0,5820;-0,5450;-0,5020;1,4480;1,4800;-0,0920;-0,3430;-0,5020;3,0000;5,0000;3,7500;8,0000;-0,5160;-0,3410;-0,2150;-0,1450;-0,0920;0,0020;0,1550;0,3240;0,3670;0,2900;2022-Ene-04;2022-Ene-20;2022-Ene-05;2022-Ene-11;1,4480;4142899,0000;28591,0000;25,0000;
ENE 2022;-0,5760;-0,5650;-0,5600;-0,5270;-0,4770;1,4850;1,4600;0,0980;-0,2980;-0,4770;3,0000;5,0000;3,7500;8,0000;-0,4820;-0,2430;-0,0770;0,0280;0,0980;0,2150;0,3770;0,5430;0,5810;0,5000;2022-Feb-02;2022-Feb-18;2022-Feb-03;2022-Feb-09;1,4850;3207081,0000;22215,0000;26,0000;
FEB 2022;-0,5710;-0,5530;-0,5320;-0,4760;-0,3350;1,4810;1,4600;0,5370;-0,1610;-0,3350;3,0000;5,0000;3,7500;8,0000;-0,3340;0,1200;0,3500;0,4690;0,5370;0,6270;0,7470;0,8570;0,8480;0,7220;2022-Mar-02;2022-Mar-18;2022-Mar-03;2022-Mar-10;1,4810;3318782,0000;23205,0000;24,0000;
MAR 2022;-0,5690;-0,5440;-0,4950;-0,4180;-0,2370;1,5130;1,4900;0,7100;-0,0240;-0,2370;3,0000;5,0000;3,7500;8,0000;-0,2400;0,2680;0,4930;0,6210;0,7100;0,8300;0,9930;1,1300;1,0840;0,8670;2022-Abr-02;2022-Abr-21;2022-Abr-05;2022-Abr-08;1,5130;4569900,0000;31624,0000;25,0000;
ABR 2022;-0,5690;-0,5370;-0,4480;-0,3110;0,0130;1,5400;1,5300;1,2390;0,1290;0,0130;3,0000;5,0000;3,7500;8,0000;0,0240;0,7400;1,0270;1,1610;1,2390;1,3450;1,4870;1,5990;1,5290;1,2860;2022-May-04;2022-May-20;2022-May-04;2022-May-11;1,5400;4044234,0000;27956,0000;25,0000;
MAY 2022;-0,5680;-0,5460;-0,3860;-0,1440;0,2870;1,6240;1,7200;1,4290;0,3950;0,2870;3,0000;5,0000;3,7500;8,0000;0,3130;0,9480;1,1880;1,3290;1,4290;1,5750;1,7610;1,8990;1,8190;1,5470;2022-Jun-02;2022-Jun-18;2022-Jun-03;2022-Jun-10;1,6240;4198991,0000;29211,0000;23,0000;
JUN 2022;-0,5700;-0,5250;-0,2390;0,1620;0,8520;1,7990;1,8600;1,9760;0,6760;0,8520;3,0000;5,0000;3,7500;8,0000;0,8500;1,5440;1,7630;1,8850;1,9760;2,0940;2,2540;2,3790;2,2870;2,0450;2022-Jul-02;2022-Jul-20;2022-Jul-05;2022-Jul-05;1,7990;4621740,0000;31424,0000;23,0000;
JUL 2022;-0,4570;-0,3060;0,0370;0,4660;0,9920;1,9860;2,0300;1,6330;0,9160;0,9920;3,0000;5,0000;3,7500;8,0000;0,9050;1,2870;1,4120;1,5250;1,6330;1,7920;1,9950;2,1820;2,1170;1,8630;2022-Ago-02;2022-Ago-19;2022-Ago-03;2022-Ago-09;1,9860;4876682,0000;32280,0000;23,0000;
AGO 2022;-0,0710;0,0220;0,3950;0,8370;1,2490;2,1980;2,2600;1,7210;1,0910;1,2490;3,0000;5,0000;3,7500;8,0000;1,2060;1,5420;1,6110;1,6660;1,7210;1,8130;1,9470;2,0690;1,9770;1,7380;2022-Sep-02;2022-Sep-20;2022-Sep-03;2022-Sep-08;2,1980;3071626,0000;22074,0000;22,0000;
SEP 2022;0,4240;0,5740;1,0110;1,5960;2,2330;2,4100;2,4400;2,5980;1,4590;2,2330;3,0000;5,0000;3,7500;8,0000;2,1870;2,5430;2,5690;2,5790;2,5980;2,6200;2,6820;2,7020;2,5320;2,1690;2022-Oct-04;2022-Oct-20;2022-Oct-05;2022-Oct-11;2,4100;3517989,0000;23904,0000;23,0000;
OCT 2022;0,6960;0,9150;1,4280;1,9970;2,6290;2,6660;2,5900;3,0200;1,7420;2,6290;3,0000;5,0000;3,7500;8,0000;2,5390;2,9020;2,9550;2,9860;3,0200;3,0650;3,1370;3,1500;2,9420;2,5060;2022-Nov-03;2022-Nov-18;2022-Nov-03;2022-Nov-10;2,6660;3415711,0000;24174,0000;21,0000;
NOV 2022;1,3750;1,4230;1,8250;2,3210;2,8280;2,8770;2,8100;2,8090;1,9880;2,8280;3,0000;5,0000;3,7500;8,0000;2,7170;2,9110;2,8610;2,8230;2,8090;2,8020;2,8440;2,8650;2,6960;2,3160;2022-Dic-02;2022-Dic-20;2022-Dic-03;2022-Dic-03;2,8770;3808594,0000;26652,0000;23,0000;
DIC 2022;1,5950;1,7240;2,0630;2,5600;3,0180;3,1160;3,0400;2,8360;2,0840;3,0180;3,0000;5,0000;3,7500;8,0000;2,9420;3,0580;2,9510;2,8770;2,8360;2,7880;2,7870;2,7370;2,5320;2,1310;2023-Ene-03;2023-Ene-19;2023-Ene-04;2023-Ene-04;3,1160;3528884,0000;24350,0000;20,0000;
ENE 2023;1,8880;1,9810;2,3450;2,8580;3,3370;3,3450;3,1600;2,8810;2,3450;3,3370;3,2500;5,2500;4,0625;10,5000;3,1940;3,2300;3,0540;2,9430;2,8810;2,8200;2,8200;2,7960;2,6230;2,2590;2023-Feb-02;2023-Feb-18;2023-Feb-03;2023-Feb-07;3,3450;2754409,0000;19433,0000;21,0000;
FEB 2023;2,2970;2,3690;2,6400;3,1350;3,5340;3,5850;3,3400;3,0610;2,6080;3,5340;3,2500;5,2500;4,0625;10,5000;3,4060;3,4400;3,2610;3,1360;3,0610;2,9820;2,9630;2,9410;2,7860;2,4520;2023-Mar-02;2023-Mar-18;2023-Mar-03;2023-Mar-07;3,5850;2576654,0000;18535,0000;22,0000;
MAR 2023;2,5730;2,7100;2,9110;3,2670;3,6470;3,6640;3,4700;3,1650;2,7850;3,6470;3,2500;5,2500;4,0625;10,5000;3,5040;3,5130;3,3580;3,2380;3,1650;3,0790;3,0480;3,0290;2,8690;2,5240;2023-Abr-04;2023-Abr-20;2023-Abr-05;2023-Abr-10;3,6640;3584321,0000;25265,0000;23,0000;
ABR 2023;2,8830;2,9610;3,1790;3,5160;3,7570;3,6830;3,7700;3,1060;2,8560;3,7570;3,2500;5,2500;4,0625;10,5000;3,6360;3,4990;3,3000;3,1760;3,1060;3,0360;3,0210;3,0250;2,8910;2,5890;2023-May-04;2023-May-19;2023-May-04;2023-May-04;3,6830;2576654,0000;18535,0000;22,0000;
MAY 2023;3,0850;3,1520;3,3720;3,6820;3,8620;3,9670;3,8100;3,0630;2,9390;3,8620;3,2500;5,2500;4,0625;10,5000;3,7080;3,4950;3,2600;3,1290;3,0630;3,0090;3,0140;3,0380;2,9250;2,6510;2023-Jun-02;2023-Jun-20;2023-Jun-03;2023-Jun-03;3,9670;3373101,0000;24200,0000;22,0000;
JUN 2023;3,2480;3,3430;3,5360;3,8250;4,0070;4,0450;3,9800;3,1640;3,0100;4,0070;3,2500;5,2500;4,0625;10,5000;3,8700;3,7030;3,4540;3,2750;3,1640;3,0510;3,0070;2,9970;2,8830;2,6150;2023-Jul-04;2023-Jul-20;2023-Jul-05;2023-Jul-07;4,0450;3464889,0000;24428,0000;22,0000;
JUL 2023;3,3990;3,4690;3,6720;3,9420;4,1490;4,1860;4,0700;3,2850;3,1000;4,1490;3,2500;5,2500;4,0625;12,0000;3,9730;3,8350;3,5830;3,4000;3,2850;3,1580;3,0960;3,0640;2,9350;2,6550;2023-Ago-02;2023-Ago-19;2023-Ago-03;2023-Ago-04;4,1860;3524697,0000;24442,0000;23,0000;
AGO 2023;3,6320;3,6270;3,7800;3,9440;4,0730;4,2370;4,1400;3,2660;3,1540;4,0730;3,2500;5,2500;4,0625;12,0000;3,9280;3,7210;3,4920;3,3470;3,2660;3,1870;3,1680;3,1780;3,0650;2,7960;2023-Sep-02;2023-Sep-20;2023-Sep-05;2023-Sep-08;4,2370;2329525,0000;16683,0000;22,0000;
SEP 2023;3,7460;3,7580;3,8800;4,0300;4,1490;4,3050;4,2100;3,3120;3,2250;4,1490;3,2500;5,2500;4,0625;12,0000;3,9880;3,7590;3,5270;3,3890;3,3120;3,2430;3,2340;3,2550;3,1590;2,9140;2023-Oct-03;2023-Oct-19;2023-Oct-04;2023-Oct-06;4,3050;2746367,0000;19187,0000;22,0000;
FUENTE;The European Money Market Institute (EMMI);The European Money Market Institute (EMMI);The European Money Market Institute (EMMI);The European Money Market Institute (EMMI);The European Money Market Institute (EMMI);-;-;-;-;-;-;-;-;-;-;-;-;-;-;-;-;-;-;-;-;-;-;-;-;-;-;-;
NOTAS;Further information: https://www.emmi-benchmarks.eu/. Terms of use: https://www.emmi-benchmarks.eu/terms-of-use;Further information: https://www.emmi-benchmarks.eu/. Terms of use: https://www.emmi-benchmarks.eu/terms-of-use;Further information: https://www.emmi-benchmarks.eu/. Terms of use: https://www.emmi-benchmarks.eu/terms-of-use;Further information: https://www.emmi-benchmarks.eu/. Terms of use: https://www.emmi-benchmarks.eu/terms-of-use;Further information: https://www.emmi-benchmarks.eu/. Terms of use: https://www.emmi-benchmarks.eu/terms-of-use;-;-;-;-;SERIE OBTENIDA A PARTIR DE LOS DATOS DIARIOS;Fechas de entrada en vigor 7/10/39, 4/7/84, 1/1/85, 86, 87 y 88 30/6/90, 1/1/94, 97 y 98;FECHAS DE ENTRADA EN VIGOR 26/10/80, 1/1/85, 1/1/86, 1/1/87 Y 1/1/88;-;-;-;-;-;-;-;-;-;-;-;-;-;-;-;-;-;-;-;-;